Gene,CT18,CT19,CT20,CT21,CT22,CT23,CT24,CT25,CT26,CT27,CT28,CT29,CT30,CT31,CT32,CT33,CT34,CT35,CT36,CT37,CT38,CT39,CT40,CT41,CT42,CT43,CT44,CT45,CT46,CT47,CT48,CT49,CT50,CT51,CT52,CT53,CT54,CT55,CT56,CT57,CT58,CT59,CT60,CT61,CT62,CT63,CT64,CT65
1700003I16Rik,78.9,81.9,83.5,84.1,81.3,83.8,82.2,86.3,81.3,81.8,81,83.4,85.1,84.8,82,87,85.8,82.9,83.9,83.4,84.9,87.9,86,87.9,86.8,86.5,84.9,85.6,92.7,87.9,85.1,86.1,84.4,89.6,84.8,83.6,83,108.2,84.5,86.8,86.5,86.6,91.3,96.4,93,88.3,95.2,100.1
1700129C05Rik,65.4,65,65.9,66.8,65.2,65.9,64.7,68.5,63.8,65.5,66,66.5,67.7,66.7,65.1,68.8,68.1,66.3,66.3,66.9,66.5,68,68.5,69,67.4,67.8,66.8,67,69.3,71.2,66.7,67.8,66.8,67.2,66.4,66.2,65.6,67.4,86.4,67.9,68.1,68.7,75.8,71.2,70.2,78.8,71.4,72.5
1810015A16Rik,54,54.4,54.1,54.8,57.55,54.5,53.5,55.75,52.4,54.55,54.5,54.55,55.55,54.6,53.75,56.25,55.35,54.5,54.55,55.3,55.15,55.8,56,57.05,65.5,55.8,55.15,55.6,56.5,56.8,55.05,56.4,54.8,55.65,55.05,57.35,54.2,55.75,54.95,57.15,56.05,55.95,56.85,58.6,57.5,57.05,57.8,58.7
2210019I11Rik,82.5,88.9,81.4,85.6,86.1,85.4,85.3,87.8,84.3,77.7,84.8,85.1,86.4,84.7,84.7,87.2,86.8,81.7,85.1,85.9,85.4,86.9,87.4,88.6,87,87.1,87.3,86.9,90.2,87.7,86.2,87.4,84.9,87.2,86.2,82.3,84.7,87,86.4,87.4,102.8,86.6,87.5,93.6,91.8,109.5,94.3,95.2
2310069B03Rik,69.8,68.9,77,70.6,68.3,71.1,75.2,71.7,65.1,68,69.9,71.1,71.7,71.1,67.2,73.2,71.6,68.9,69.7,69.8,64.1,71.7,72.2,72.9,71.9,72.1,71.2,72,75.7,72.9,71.1,71.9,69.4,71.9,70.8,68.6,69.9,71.7,70.3,72.4,72,71.5,72.3,76.3,74.7,80.2,86.4,81.3
2610035F20Rik,109.5,110.7,104.8,105.6,106.3,110.1,93.9,112.3,105.7,108.6,109.2,109.6,110.9,110.8,108,113,120.3,110.2,107.5,110.8,110.8,113.1,113.4,117,112.3,114.5,112,112.2,118.3,124.7,109.3,114.3,106.9,117.1,111.3,110,109.2,111.7,108.4,115.2,113,115.3,122.9,140.2,124.1,115.5,129.7,136
2610301B20Rik,335.3,278.75,237.45,240.9,282.1,328.3,431.55,381.35,243.9,241.9,363.3,269.9,251.9,238.15,249.05,266.4,300.7,345.45,224,287.95,303.45,367.6,270.45,254.15,287.7,251.9,329.3,330.2,282.6,256.8,391.2,290.65,506.55,279.4,315.85,239.4,221.4,269.95,264.45,254.15,311.95,251.7,300.25,312.85,550.65,404.75,321.15,298.55
2700078F05Rik,112.6,80.15,82.2,86.15,78.95,79.85,77.8,87.15,79.05,79.7,82.8,87.8,87.35,84.4,80,88.9,88.95,83.35,105.3,102.9,86.45,88.45,89.65,89.4,85.6,88.1,86,86.15,134.4,115.55,86.85,88.05,84.1,89.05,86.75,81.2,81.8,87.7,86.6,90.85,86.85,87.7,93.65,107.3,108.95,91,97.95,102.55
2810001G20Rik,167.3,140.4,107.3,118.4,102.4,108.6,137.7,126.1,80.7,104.1,119.5,121.3,112.2,108.4,105.1,113.9,108.9,108.3,108.2,109.9,109.9,114.6,114.9,110.4,113.3,114.6,115.8,107.5,150.3,110.8,109.1,114.3,108.5,113.1,89.3,106.2,179.2,109.6,158.8,138.7,304,133.7,108.7,151.1,119.4,116.2,102.3,120.7
2810408B13Rik,123.8,155.7,160.6,155.4,126.9,142.8,144.9,169.6,128.6,143.6,154.7,163.9,194.3,147.8,157.8,223.8,171.2,158.6,160.3,164,165.5,192.9,171.8,173.9,169.3,172.2,169.9,167.5,209.2,220.6,172.4,182.1,158.5,184.7,206.9,154.9,160,168.2,164.3,220.8,172.1,170.3,204,284.8,212.1,339.7,213.3,243.5
4833410I11Rik,65.85,66.95,67.5,67.85,64.9,66.7,66.6,69.4,64.25,64.65,66.9,67.85,68.75,67.6,65.8,69.15,68.4,67.45,67.8,67.9,67.85,70.05,70.25,70.5,69.05,70.1,68.5,69,70.4,70.95,68.4,70,68.1,70.15,68.3,67.85,66.3,69.1,67.9,70.35,70.1,82.95,70.6,71.3,71.3,72.2,71.45,75.3
4833411I10Rik,65.15,65.65,65.45,65.85,63.65,65.55,64.5,67,63.6,64.5,65.1,65.25,66.5,65.85,64.7,67.45,66.65,65.4,65.45,66.05,66,66.9,67.1,72,66.7,66.8,66.25,66.7,67.55,67.85,66.1,67.15,64.3,66.75,66.15,65.55,65.3,66.65,65.95,67.35,67.1,67.1,68.9,68.8,69.65,68.2,70.9,69.7
4833420G17Rik,2232.98,2183.96,2198.56,2526.66,2700.92,2472.62,2340.5,1426.62,2650.94,3102.92,3225.32,2375.72,2466.48,3655.04,4037.94,3819.34,2712,2630.14,2489.38,2973.48,2457.14,1968.36,1595.68,1943.28,1915.42,1774.1,2602.38,2313.26,3002.04,2409.52,2169.64,2152.04,2379.56,2437.38,2643.64,3329.74,3243.86,3175.26,3220.2,2989.6,3048.44,3237.42,3046.42,1911.04,1292.1,1761.34,1881.68,1841.68
4930405H06Rik,53.8,54.4,55,54.7,53.2,54.6,54,55.7,53.2,55.5,54.7,54.5,55.2,54.6,53.8,55.7,55.1,54.9,54.5,54.9,54.8,55.3,56,55.7,55.4,55.8,54.8,55.2,56.4,55.8,55.1,56.3,54.8,55.5,55,54.5,54.6,55.4,54.8,55.5,55.4,56,56.7,56.9,59.2,56.9,56.2,57.8
4930434J08Rik,77.4,79.4,80.2,84.7,78.2,82.4,81.2,83.5,80.2,81.6,79.3,81.8,83,79.6,81.8,86,88.6,81.3,81.9,82.6,79.7,85.6,85.4,86.9,84.8,85.8,82.6,83.8,88.4,88.8,84.2,84.6,88.3,85.5,84.1,79.6,96.3,84.4,82.6,86.6,85.6,85.2,94.6,93.5,92.9,88.9,97.8,93.4
4930563D23Rik,72.3,72.4,72.5,72.9,69,72.9,72.1,73.5,71.3,71.8,71,71.8,73.1,72.8,72,73.9,73,72.7,72.7,72.6,72.6,73.6,79.1,76.2,73.2,73.9,72.6,73.3,73.9,74.7,72.9,73.5,71.7,73.2,72.9,72.6,70.6,73.4,72.4,74.3,73.4,73.6,73.8,74.4,99.1,74.1,79.4,75.9
4930566F21Rik,102.9,99.3,98,105.4,96.9,97.9,94.3,108.1,88.8,102.2,99.1,106.7,108.1,107.4,106.1,132.6,177.1,106.2,105,107.6,107.5,163.1,109.1,112.3,108.4,108.5,107.3,104,113.2,110.7,106.1,109.7,100.2,108.2,106.3,106.5,106.2,105,106,111,108,108.6,112.6,122.2,126,113.4,126.4,123.7
4930570E03Rik,35.9,36,35.9,36.1,35.4,36.1,35.7,36.4,35.3,35.6,35.9,35.9,36.2,36.1,35.7,36.6,36.2,36,36,36.2,36.1,36.4,36.5,36.6,36.4,36.5,36.2,36.4,36.6,36.6,36.1,36.5,36.2,36.4,36.1,35.9,35.8,36.4,36,36.5,36.5,36.5,36.7,38,36.9,36.9,37.7,37.2
4933403O08Rik,88.7,87.1,88.6,85.6,82.1,84.9,82.6,91.2,85.8,87,89,88.1,92.7,87.1,92.3,90.8,95.3,88.5,88,88.1,87.6,90.1,91.2,92.8,90.6,95.2,88.8,90.2,94.1,95.2,89.6,91.2,89.7,91,89.8,88.6,88.3,90.8,89.4,93.5,90.7,91.3,94.5,100.4,93,93.7,107.5,101.4
4933406C10Rik,73.2,77.2,73.9,76.8,76.1,75,75.5,78.2,73.3,72.3,76.3,76.3,79,76.9,75.3,78.9,78.1,76.6,77.5,77.1,77.1,79.9,78.7,89.9,79.4,79.9,76.7,78.1,129.4,82.8,77.1,79.2,75.7,78.2,77.5,76.4,76.6,78.5,77.3,78.4,78.5,79.5,79.4,90.1,83.4,83.3,80.4,108.3
4933407C09Rik,105.7,107.15,88.85,106.25,120.45,109.2,105.45,128.75,104.1,85.2,123.75,131.95,110.75,106.15,105.15,112.75,111.2,105.65,111.95,106.7,110.55,111.85,157,117.45,111.6,110,123.6,111.15,113.1,109.85,146.9,131,110.65,112.2,110.05,105.95,128.65,122.75,153.5,129.1,112.15,113.15,114.3,118.6,157.75,160.3,166.6,135.9
4933417C20Rik,54.4,55.1,54.6,55,52.7,54.8,53.8,55.9,52.4,57.7,54.5,54.5,55.5,54.8,54,56.2,55.6,55.1,54.2,55.2,54.8,55.9,56.1,56.8,56.3,55.9,55.1,55.8,56.4,56.8,55.2,55.9,54.8,55.6,55.2,55,54.5,55.7,55,56,56,55.9,56.9,62.7,57,57,57.3,58.4
4933433N18Rik,55.15,55.5,55.45,56.55,53.5,56.15,55.85,57.15,53.75,54.15,55.2,56.25,56.6,55.75,54.7,57.2,56.55,56.1,56,56.25,56.4,57.15,63.55,58.1,56.9,57.3,56.55,57,59.6,58.3,58.75,57.25,55.9,57.05,56.4,55.4,55.55,56.95,56.3,57.85,57.25,57.25,58,59.3,58.9,58.45,59.15,61.4
5830408C22Rik,43.2,43.3,42.9,43.4,42,43.1,42.2,43.9,41.9,42.3,42.7,43.1,43.6,43.2,42.6,44.1,43.6,43.2,42.9,43.4,43.4,43.8,43.9,44.7,43.8,43.9,43.5,43.8,44.2,44.7,43.4,43.9,43.5,43.7,43.4,43,42.8,43.9,43.3,44.2,44,43.9,44.2,44.7,44.5,44.5,44.8,45.4
9130009M17Rik,56.45,56.3,56.95,57.3,54.85,55.5,54.35,57.75,54.8,54.6,56.45,56.25,57.15,101.8,55.6,58.25,57.55,56.15,57.35,57.35,57.2,60.95,59.25,58.75,57.8,57.85,57.4,58.15,58.45,58.75,56.2,58.05,57.35,57.6,57.25,56.15,77.95,57.5,57.15,58.55,59.25,58.1,58.4,59.5,59.8,60.8,60.05,66.35
9330133O14Rik,45.4,45.9,46,45.9,45.2,47.4,45.4,46.5,44.6,44.8,45.7,45.7,46.2,46,45.4,46.6,46,45.5,45.6,46.1,46.1,46.4,46.6,46.8,46.5,46.7,46.1,46.5,47.6,46.8,46.1,46.8,46.1,46.4,46.2,45.9,45.7,46.7,46,46.5,46.5,46.6,47.2,50.3,47,47.6,47.8,48.6
9430038I01Rik,1020.9,1205.366667,1188.466667,1089.966667,995.2666667,954.5666667,978,1025.3,926.7666667,1038.666667,1157.3,1048.166667,1119.466667,1114.633333,1134.4,1088.266667,1058.033333,1037.3,1026.9,1044.266667,1029.833333,1024.333333,1082.566667,1070.166667,991.7666667,947.5,1034.666667,891.0666667,1056.433333,1069.133333,899.1333333,1018.6,922.9333333,1042.4,1017.033333,1035.333333,1076.5,1079.966667,1002.333333,1052.866667,1052.7,1054,907.2,1108.133333,1046,1026.3,1070.4,1110.6
A230009B12Rik,60.8,62.15,61.15,62.3,60.15,62.5,60,63.65,60.1,61.5,60.95,62.2,63.1,61.9,60.15,64.05,63.3,62.05,61.95,62.3,62.15,63.85,63.65,64.55,66.15,63.9,62.7,63.2,64.95,65.05,62.7,63.7,61.65,63.45,62.6,62.05,61.85,63.35,62.3,64.55,63.65,63.8,65,66.4,65.4,65,66.55,67.4
Abcb4,26083,25550.3,27693,27344.4,28556.2,28052.9,31131.4,25371.8,40113.3,43573.1,35270.8,32152.2,38780.1,39311.7,42941.5,38898.5,41137.8,35880.3,38132.8,30535.3,30426.9,28792.3,25355.5,27631.4,24165.7,25264.7,26481.3,26125.7,24880.8,27038.3,23846.9,28567.7,32590.4,31639.9,32916.9,36130,36516.4,36189.1,36503.7,37761.5,31713.1,33239.3,34990,19528.4,20810.4,21124.1,21177.7,21233.6
Abcc8,361.75,380.6,398.95,405.3,393,384.9,388.35,419.85,395.8,356.6,469.65,404.35,416.1,363.45,436.7,583.6,393.75,404.6,393.35,408.3,378.8,429.65,438.35,484.8,439.35,417.25,446.55,385.6,584.35,427.9,585.55,422.4,351.95,393.6,430.55,398.95,439.4,418.9,409.35,400.65,423.8,409.7,423.2,592.8,440.1,582.6,489.1,457.55
Abhd4,7452.35,8194.8,7878.7,8293.6,7709.8,7901.35,8251.7,9016.25,8824.4,10087.3,8832.3,9839.95,9679.45,9831.8,8515.85,8384.5,10478.2,8172.95,8987.25,8249.55,6551.7,8065.3,6979.4,6849,7820,7254.3,6552,8782.35,6649.6,9298.6,9086.45,9096.85,8810.85,9020.6,9975.05,9459.4,8985.4,8977.6,9152.15,8000.9,8501.45,9436.2,6309,4120.85,4980.55,4618.55,5022,4862.6
Acap1,89.45,81.875,81.525,81.8,79.05,78.825,80.7,91.875,100.225,79.725,83.325,81.425,82.7,87.875,80.45,83.575,91.825,81.975,81.65,90.075,82.05,82.975,83.375,84.675,83.05,83.175,91.8,82.7,83.975,84.4,83.25,85.6,82.05,83.325,82.175,82.3,81.3,83.075,82.4,83.45,79.75,83.475,84.375,90.475,85.475,97.45,86.25,91.525
Ackr1,251.3,256.3,263.6,258.5,251.5,256.7,315.5,258.7,296.1,253.6,290.8,301.7,258.7,293.8,278.3,260.9,287.6,256.8,257.2,253.7,312.8,266.9,260.5,258.4,259.6,259,257.9,259.5,260.5,261.1,353.1,261.8,275.7,258.7,454,272,265.4,259.6,258,260.6,257,256.4,260.4,262.9,259.8,262.1,263.5,264.6
Actg1,92164.7,52455.2,42731.3,37720.5,35553,45704.2,55255.7,57384.1,50689,42274.3,31002.5,37138.5,36892.5,35170.6,29971,38602.3,40891.7,41635.5,42222.3,41593.1,66963.3,145014.5,129282.8,72021.7,77498,57847.3,40959.6,40981.2,23021.9,41484,43999,49000.1,93558.3,63409.9,48465.7,38571.6,37214.5,35523.5,35328.8,36471.2,38362.4,33127.4,34838.1,18343.8,74493.4,59027.6,62806.5,44807.3
Actr6,5923.7,4762,5837.7,5116.5,4201.8,5091,5092,5777.8,3809.9,2795.6,4607.8,5274.1,4901.9,3813.2,3860.3,4759.3,5980.8,6217.6,5740,7330.8,6088.7,7034.5,5335.3,5517,5532.5,4539.3,5688.1,5287.5,6553.5,5320.8,5598.7,5049.6,4851.1,3916,4011.9,4651.7,4168.7,4907.8,5222.1,5180.7,5198.9,5299.5,7554.1,9790.9,9188,8951.7,9983.7,8445
Acy3,4355.6,3858.9,3302.3,3785.9,3673,3612.9,3264.1,3209.9,3767.4,3585.2,3474.7,3934.5,4829.3,5325,4590.6,4042.5,4889.3,5152.5,5278.6,4203.5,4335.8,4542.6,3959.1,4004.5,3797,3991.8,3497.6,3552.4,2460.6,2998.3,2866.1,3303,3587.3,3978.9,4873.1,4561.3,4634.5,3452,4438,4520,4163.6,4194.6,3253.8,1999.2,2322.3,2473,2478.7,2334.3
Adgra1,51.6,52.33333333,51.9,57.03333333,51.26666667,52.13333333,51.66666667,53.6,50.36666667,51.03333333,53.76666667,52.2,55.03333333,52.1,51.33333333,53.8,53.4,51.86666667,52.26666667,52.23333333,52.6,53.5,54.3,54.46666667,53.6,53.63333333,52.73333333,53.23333333,55.23333333,54.5,52.76666667,53.7,52.63333333,53.9,52.76666667,52.16666667,51.86666667,53.16666667,52.7,53.8,53.8,53.63333333,54.3,55.36666667,57.93333333,54.96666667,56.56666667,61.03333333
Adm,92.85,82.4,111.5,93.1,112.2,103.8,108.6,74.8,89.45,74.25,78.05,110.3,82.1,78.65,80.9,75.4,90.35,78.85,103.3,79.2,104.45,74.35,87.95,83,74.95,129.05,74.7,86.1,82.25,117.1,79.65,75.75,83.4,84.85,82.9,70.8,90.55,74.55,72.8,88.65,75.55,65.1,67.3,85,82.8,83.4,79.4,94.3
AI314180,2624.2,2844.425,2625.7,2912.5,2604.575,2622.4,2590.725,2380.475,2722.9,3082.575,2577.225,2468.15,2953.45,2594.7,2755.05,2563.175,3103.55,2816.55,2730.05,2624.525,2605.075,2335.775,1972.75,1796.075,2449.45,2274.85,2361.25,2599.225,2297.025,2329.1,2249.2,2434.6,2926.775,2162.025,2477.75,2639.15,2864.45,2707.35,2446.1,2346.175,2429.45,2579.175,1982,2117.5,2014.175,1985.375,1739.45,1777.65
AI315376,63,65.8,65.2,71.8,61.3,63.9,65.5,67,62.4,62.2,76.6,65.6,65.9,66.3,62.5,66.7,67,64.4,65.6,64.6,69.4,68.4,76,67.7,66.9,67.1,65.3,66.9,69.4,68.3,65.4,67.4,65.2,67,71.9,64.1,64.4,68,66.2,68.8,67.5,67,68.2,70.2,68.9,68.6,69.7,70.5
Aif1,1280.7,1865.8,1427.4,1713.9,1163.6,1181.5,1755.6,1869.3,1203.9,955.5,1320.9,1645.9,1683.8,1142.6,947.1,1142.6,1662.9,1473.7,1655.3,1030.7,1521.1,1630,1353.8,1328.9,1434.8,1449.1,1070.4,1426.9,1669.6,1105.9,1051.3,1472.8,1431.9,1831.1,1474.4,1551.8,1806.4,1826.1,1372.1,1166.4,1322.9,1531.7,1463.7,1517.4,2202.8,1490.9,1988.1,1773
Ankef1,61.7,96.4,61.3,62.65,59.55,61.95,60.8,63.65,60.15,60.05,72.2,61.9,63,62.6,61.5,63.85,63.25,61.9,61.85,62.55,62.45,63.8,63.95,64.7,66.45,63.55,62.5,63.3,64.8,64.85,62.85,63.75,62.75,63.5,62.7,62.1,61.85,63.4,62.65,64.25,63.95,63.7,65,66.1,65.4,65.1,68.9,66.95
Ap1s2,147.6333333,196.0666667,142.5666667,160.85,154.3666667,169.2166667,137.7833333,174.8,136.4,114.2166667,133.2333333,140.1666667,122.2166667,133.6666667,126.5333333,129.2333333,198.0833333,127.65,144.6166667,147.25,136.7666667,166.7333333,145,151.8666667,159.3333333,141.8666667,157.5166667,163.2,123.0166667,178.9166667,135.95,165.0833333,166.7,148.0833333,117.0666667,137.5166667,111.0166667,173.5833333,126.0833333,137.5166667,122.8833333,129.8,149.9666667,211.0166667,201.5166667,186.3333333,215.1666667,223.9333333
Apbb2,518.2333333,519.7,522.5666667,456.4333333,603.4,535.6666667,497.2666667,434.0333333,659.8333333,779.7,541.7333333,503.2,568.1666667,681.8333333,602.9,691.5666667,543.2666667,612.2333333,554.1666667,508.0666667,438.5333333,417.5,472.2666667,456.3333333,474.3666667,502.8,431.7,506.7,316.7666667,365.3666667,380.9666667,495.6333333,484.7666667,529.3333333,529.8666667,626,533.5,506,510.9333333,528.4666667,526.6,622.7666667,575.8333333,297.7,308.4,296.3,203.4,286.5666667
Appbp2os,118.3,123.6,123.65,123.85,166.55,114.85,139.15,151.9,133.65,123.55,130.35,120.1,122.1,124.2,121.3,127.2,125.1,122.8,105.55,132.55,108.55,126.65,146.2,123.65,125.5,137.1,142.5,123.65,174.9,136.55,124.6,126.25,124.75,109.1,154.35,130.65,133.9,126.15,126.6,149.3,126.05,126.15,115.9,158.8,163.3,147.5,134.4,129.85
Armc3,69.1,69.95,74.15,71.7,65.3,69.85,71.2,71.85,67.45,66.3,69.6,70.05,71.3,68.95,68.6,72.35,71.45,68.45,68.8,70.9,70.45,72.85,72.1,73.8,71.5,72.45,69.75,71.5,75,73.4,70.95,71.9,76.5,71.6,70.3,70.9,69.8,71,70.7,72.55,72.15,71.9,73.55,90.9,82.95,73.1,75.45,76.1
Armcx6,89.1,86.5,71.6,96.4,83.2,86.1,81.7,93.3,77.4,94.3,81.2,88.6,99.1,82.2,115.4,115.5,87.6,88.2,78,83.2,90.3,92.6,92.9,108.7,122.1,91.5,91,87.8,108,92.9,87,92.4,90.4,91.1,103.5,96.5,89.2,91.4,95.2,94.5,88.1,87.5,91.6,100.9,97.3,93,119.9,107.4
Asprv1,50.1,50.6,49.9,50.6,49.6,50.5,50,51.3,48.4,49.3,50.1,50.1,50.9,50.5,49.4,51.7,51,50.2,50.5,50.7,50.5,51.3,51.5,51.4,51,51.4,50.7,50.9,51.8,52.9,50.6,51.6,50.8,51.4,50.6,50.3,50.1,51.2,50.5,51.8,51.5,51.2,51.8,52.6,52.3,52.2,52.6,53.3
Atp10a,105.975,99.375,105.1,107.925,101.1,108,100.375,119.95,95.775,101.875,106.775,107.9,109.575,103.975,100.525,110.5,110.025,106.925,106.7,104.425,108.175,119.45,111.15,112.875,112.925,112.3,108.825,108.5,112.075,117.375,111.85,110.25,109.45,114.35,110.55,105.8,106.7,110.125,108.725,111.3,111.4,110.725,112.625,126.6,113.8,115.4,125.325,121.2
AU014678,85.7,108.7,88.9,88.8,81.3,94.1,90.6,98.4,89.3,91.5,98.4,95.9,95.1,114.1,85,96.7,100.4,94.4,94.3,94.2,95.3,101.5,98,100.3,97.6,100.6,96.9,95.9,108,105.3,95.6,100.8,94.8,119.9,97,92.9,89.7,104.2,92.5,99.6,98.6,97.9,137.2,125.6,105.3,107.3,131.1,115.6
B3gnt5,64.45,65.75,66.05,66.35,64.65,66,64.5,68.1,63.3,63.95,65.75,66.35,69.6,67.45,64.75,69,69.6,67.15,66.05,67.15,66.3,69.55,69.4,70.15,68.65,69.5,67.35,68.25,71.1,71.8,67.6,69.05,66.5,71.4,68,66.35,65.5,74.7,67.45,69.8,68.9,68.8,72,73.95,73.15,73.45,76.9,76.3
B9d2,78.1,78.3,81.5,78.6,77.3,78.5,77.4,79.8,77.2,77.5,78.1,77.9,79,78.5,77.7,79.7,79.3,78.6,78.7,87.4,78.7,82,79.7,80.1,79.4,79.6,78.5,79.5,79.9,80.1,78.6,79.4,78.5,78.9,78.3,78.1,78,79.4,78.7,79.5,79.6,79.5,81.1,79.8,80.3,80,80.5,80.8
Bdh1,23241.05,24931.55,24786,23524.3,22819.45,22118,23308.1,23390.45,24719.9,26319.75,23598.45,28623.05,30448.8,29482.45,30327,32131.2,36580.05,33090.85,32579.35,27092.95,30246.3,28191.2,25089,23530.15,23719.65,23740.2,22018.25,22355.15,18921.5,22543.85,24503.15,22930.1,27640.3,27403.85,33680.5,30384.85,33109.5,30034.85,34835.65,30650.25,32375,31721.2,27604.1,25646.75,26625.65,21583.15,20900.85,17662.15
Brd8,240.55,256.5,206.5333333,218.4833333,276.1,283.6666667,262.45,192.3666667,302.8333333,398.3666667,294.25,219,202.85,294.4,273.9166667,267.9166667,199.05,204.95,177.3,220.0833333,195.4166667,195.5333333,165.2333333,182.7166667,178.6666667,200.3166667,228.0833333,204.9333333,257.9666667,180.75,230.7,274.1666667,325.3333333,296.0333333,246.4,305.5833333,293,297.6333333,265.7666667,217.8,219.1833333,256.0166667,227.45,181.1666667,181.2833333,177.6666667,190.3833333,206.05
C130070B15Rik,75.4,74.5,76,76.9,70.4,76.4,76,78.4,73.8,75.1,76,76.3,77.3,76.9,75.3,78.7,77.1,76,76.5,76.8,76.9,78.3,78.1,79.6,77.5,77.9,76.9,77.5,78.6,79.9,76.1,78,77,77.6,76.8,74.1,73.9,77.9,76.9,79.7,78.1,77.9,78,80.7,80.1,79.8,79.7,82.1
C130079G13Rik,90.8,99.7,95.3,103.2,94.3,95.6,93.9,103.6,92.7,101.9,109.7,102.9,103.4,98.3,97.9,103,111.1,101,103.9,97.6,99.2,178.8,108.5,110.2,107.2,109.6,101.5,101.9,117.6,123.2,102.2,107.9,121.8,108.9,113.1,96.4,95.2,106.9,99.9,111.1,109,107.4,125.8,137.1,120.4,118.4,129.7,132.3
C330024D21Rik,70.35,71.4,71.1,71.5,68.9,70.9,68.55,73.05,67.9,69.15,70.3,71.15,72.65,71.7,70.1,73.55,73.4,71.2,71.35,71.6,71.65,73.6,73.4,75.05,72.8,73.9,71.95,72.75,76.65,76.85,71.95,73.55,71.45,72.85,72.05,70.8,70.7,72.75,71.75,74.5,73.55,73.3,75.45,78.15,76.35,77,77.45,94.9
C77068,66.9,66.1,65.4,66.6,63.9,66.4,66.1,68.7,62.6,64.6,65.7,66.7,68.3,66.8,65,69.2,68.5,86.4,67,67,67.1,69.6,69.2,70.3,68.4,68.9,67.8,68.2,70.3,70.7,67.4,68.9,67.2,68.9,67.9,66.4,65.8,68.7,67.3,69.6,69.2,69.3,71,72.1,72,70.9,73.3,75.1
C77626,95.1,94,93.1,140.1,96,110.3,88.8,101.4,95.5,99,97,96.7,102.7,102.3,175.7,179.4,103.7,95.4,96.5,140.6,101.9,104.5,103.2,105.2,103,97.6,101.5,99.2,103.7,160,103.6,103.3,100.5,96.4,101.9,99.8,99.1,102.7,100.8,104.4,102.5,103.4,109.7,105.7,110.8,114.6,115.7,120.2
C79845,78.5,81.2,80.7,81.4,74.5,81.2,83.1,99.4,74.1,76,78.7,80.7,82.8,80.4,78.2,81.5,84.5,80.7,79.9,80.5,78.5,84.9,104,86.9,82.9,85.1,94.7,82.6,84.1,84.5,81.8,84.7,80.5,81.7,80.3,79.7,79.6,82.8,167.1,83.7,82,84.4,84.1,87.9,105.3,115.5,86.7,88.1
Cacna1e,76,76.75,76.3,76.55,74.05,76.75,76.4,78.15,74.05,73.9,78.4,76.2,77.6,77,76.1,78.45,77.65,76.5,79.7,78.75,76.7,78.4,78.35,78.65,77.8,78.8,77.2,77.95,92.25,79.85,76.65,78.45,76.15,78.25,77.1,76.7,76.25,77.8,84.5,78.95,78.35,78.25,80.95,82.05,91.2,80.15,81.35,83.35
Capg,88.25,81.45,82.65,82.75,80.5,82.55,81.8,108.25,80.2,73.9,82,79.55,81.45,82.6,81.45,84.05,83.2,80.45,138.85,79.75,82.9,92.5,84.75,85.1,82.2,82.9,82.85,83.55,84.6,89.4,82.95,83.75,84.9,85.5,82.65,82.35,81.9,83.7,80.6,83.75,83.75,82.05,84.95,85.2,84.95,84.25,87.85,89.8
Cass4,75.7,79.4,78.6,82.5,98.2,79.1,78.1,81.2,71.7,74.7,78.5,78.1,80.6,79.5,81.8,81.6,80.3,76.9,77.4,79.6,77.8,81.1,81.6,82.6,80.5,96.5,90.8,80.6,81.7,82.4,79.9,82.9,89.8,81.2,79.7,77.2,75.5,80.7,79.6,81.9,81.3,80.7,83.4,87,84.6,83.8,102.4,84.9
Cbx8,194.3,215.4,176.6,210.35,210.95,279,243.75,206.75,179.1,197.3,162.05,212.3,194.6,165.25,188.25,215.65,206.7,283.35,238.2,276,210.75,217,274.15,217.05,212.95,213.65,210.95,202.1,217.05,393.35,191.6,288.9,246.05,213.25,191.7,208.85,280.65,213.7,228.95,216.35,215,215.9,215.8,168.2,142.9,218.35,188.6,223.45
Ccdc28a,546.6333333,752.5333333,755.7666667,849.0666667,907.3666667,598.7,541.6666667,451,880.6333333,1116.9,1145.833333,794.9,617.8666667,831.6,712.2666667,620.6,634.7,634.7,497.4666667,580.9333333,534.9666667,595.3333333,446.0666667,566.4666667,562.7,607.3333333,880.1333333,703.6666667,825.8666667,633.5,558.8666667,590.2,557.0333333,682.0333333,662.8666667,793.3333333,867.0333333,750.8333333,682.9333333,642.5,539.9666667,637.1333333,559.8,768.5333333,425.9333333,424.1,533.1666667,533.5
Ccr1,78.2,78.9,85.6,79.25,72.4,81.45,76.2,81.45,75.35,78.4,78.15,78.3,80.2,76.2,78.1,81.3,81.25,78.95,78.5,79.65,79.3,82,81.1,82.75,80.8,81.9,79.85,80.55,84.5,85.25,79.65,81.65,79.6,83.1,80.05,79.1,78.3,80.65,78.85,84.3,81.2,83.2,84.8,94.2,100.95,106.3,92.7,95.25
Ccr1l1,44.4,44.4,44.5,44.7,43.8,44.3,44,45,43.4,43.2,44.2,44.4,44.8,44.5,44,45.2,44.7,44.4,44.4,44.6,44.6,44.9,45.1,45.3,44.9,45,44.5,45,45.4,45.3,44.6,45.1,44.7,44.8,44.5,44.4,44,45,44.6,45.2,45.1,45.1,45.2,46.2,45.7,45.5,45.6,46
Cdc6,67.9,68.5,68,68.7,64,68.6,66.6,70,64.8,66.2,68.1,68.2,69.7,68.8,67.3,70.9,69.9,68.3,68.5,68.5,68.6,92.2,70.6,71.8,70.1,83.2,69.3,69.8,71.7,74.3,68.9,70.5,68.9,70.8,69.3,67.9,68,70.1,69,71.2,71.2,74,71.9,73.6,72.7,72.6,77.1,80
Cecr6,57,56.3,56,56.6,56.2,57.3,57,57.9,56,56.3,56.9,56.9,57.6,57.3,56.6,58,57.4,57.2,57.1,57.3,56.7,57.6,58,58.7,57.6,57.8,57.4,57.8,58.2,58.1,57.2,57.8,57.4,58.6,57.2,57,56.8,57.7,57.3,58,57.9,58,58.1,58.7,58.6,59.2,58.5,59.1
Cep55,59.75,60.75,60.1,60.75,60.3,72.6,58.8,62.75,58.15,59.3,60.35,60.55,61.8,60.95,59.55,62.55,62,60.3,60.5,61.1,63.1,66.3,62.55,63.2,62.15,62.65,61.25,61.85,64.25,65.25,61.25,62.65,60.9,62.15,62.2,60.55,60.45,62.8,61.05,62.9,62.55,62.45,64.25,68.8,74.15,63.9,67.95,66.85
Cfap43,83.03333333,84.5,97.13333333,86.43333333,79.2,84.56666667,88.06666667,88.23333333,81.76666667,82.26666667,83.6,84.06666667,86.06666667,85.66666667,83.4,86.96666667,84.16666667,84.4,83,85.66666667,84.96666667,86.33333333,87.53333333,92.93333333,86.36666667,89.86666667,85.1,86.3,87.73333333,86.3,94.63333333,93.76666667,84.9,96.3,85.03333333,89.46666667,84.9,86.33333333,82.93333333,87.16666667,88.2,88.3,93.23333333,90.63333333,95.73333333,88.36666667,93.33333333,90.16666667
Cggbp1,9345.5,9551.7,9804.5,9203.7,9258.25,9785.15,8411.4,8952.65,9398.35,8229.5,7869.4,8801.75,9256.25,9390.25,9255.85,8356.55,9345.2,10174.1,9090.4,9821.75,9266.5,8529.8,9324.4,9367.2,8659.45,7854.8,9193.3,8618.65,7560.8,9577.6,8732.2,8444.65,8129.15,7987.1,8293.05,9364.35,7587.6,7796.8,8318.45,8675.65,7715.05,8848.75,9423.25,7896,8365.25,7883.9,7495.5,7434.9
Chd1l,843.6,895.2,809,871.6,854.3,720.1,714.8,878.6,1011.3,1199.8,880.2,1037.3,846.1,839.7,832.3,872.7,764.3,973.9,1088.8,1357.1,870.8,920.4,879.6,676.4,984.4,863.9,795.4,1005.1,694.7,942.4,686.4,671.1,984,1419.6,1005.9,876.5,1430.4,868.3,829.1,879.5,881,966.4,830.4,465.6,858.9,644.7,702.3,893.2
Chrnb3,48.5,48.7,48.8,49.1,47.8,48.6,48,49.6,46.9,47.8,48.2,48.3,49.3,49,48.1,49.9,49.3,49,48.6,48.9,48.8,49.5,49.8,50.1,49.6,50,48.9,49.5,50,50.4,49,49.6,48.9,49.9,49.1,48.4,48.6,49.5,49,49.9,49.7,49.7,49.9,50.8,50.6,51.7,50.8,51.4
Cit,50.2,51.125,54.325,50.85,49,50.775,49.3,51.525,58.1,50.025,50.625,50.85,51.1,50.8,49.175,51.7,51.225,50.475,49.85,50.575,50.4,51.8,51.725,53.4,51.1,62.475,50.85,51.5,52.125,52.575,52.075,53.1,51.275,51.05,50.8,50.275,50.05,51.475,52.425,51.925,51.75,51.6,52.1,52.825,53.025,52.175,53.625,63.825
Clcf1,83.3,84.2,83.1,83.76666667,80.1,83.66666667,81.56666667,86.33333333,81.6,81.86666667,84.56666667,83.16666667,86.23333333,92.2,81.6,88.5,87.13333333,84.7,83.6,83.9,85.66666667,89.03333333,98.73333333,91.26666667,86.63333333,88.56666667,83.93333333,86,96.76666667,90.73333333,84.8,89.33333333,83.26666667,92.46666667,90.86666667,83.96666667,83.8,86.33333333,85.23333333,89.2,87.43333333,87.1,89.26666667,112.4666667,96.76666667,102.8666667,95.33333333,100.1333333
Clcn3,3670,3599.28,3589.22,3559.9,3552.72,3913.3,4513.74,3751.22,5113.9,4670.54,3663.6,3331.62,3317.8,4216.72,3765.2,4624.22,3703.04,3880.2,3862.68,4260.6,4194.74,4082.5,3979.62,3667.94,3724.24,3440.3,4007.32,3746.16,3384.76,3624.54,4078.58,3732.22,4293.62,3845.2,3629.2,3379.56,3133.74,3464.58,3798.42,3892.54,4027.42,4256.58,4208.96,3642.3,3630.86,3910.4,3955.74,3291.94
Cldn15,78.8,80.3,79.4,80,77.1,83.7,79.9,82.9,81.9,77.9,79,80.2,96.7,80.6,78.3,79.3,82.6,79.3,79.7,80.7,80.2,81.8,83.7,84.8,82.6,83.4,81.2,82.1,84.5,85,80.6,84.9,80.2,81.8,79.6,79.7,79.1,77.9,80.4,88.7,83.4,82,83.1,90.6,86.4,123.3,90.3,89.6
Cnrip1,158.15,200.4,159.6,149.35,155.7,164.95,162.85,174.5,114.3,157.4,139.8,162.4,164.05,146.35,128.1,165.65,190.8,192.05,160.05,137.55,166.6,118.9,203.9,153.15,198.8,166.65,165.95,168.3,155.65,166,162.1,164.45,166.35,132.25,229.15,202.3,162.05,185.95,188.95,168.05,183.2,162.35,166.1,172,195.6,148,146.65,167.45
Cntn5,55.8,56.5,56.5,57,55.4,56.9,55.3,58.1,54.3,55.5,56.9,56.6,57.8,56.8,55.8,58.7,58.2,56.8,56.8,57.1,56.9,58.3,58.4,59.2,58,58.2,57.3,57.9,59.4,59.2,82,58.4,57.2,58.1,57.4,56.8,57.6,58.1,57.2,59.1,58.3,58.4,59.8,65.3,60.5,59.4,60.3,61.3
Copg2os2,151.8333333,129.85,121.3,148.9,121.1833333,149.9666667,194.15,164.3833333,204.7666667,237.2166667,180.5,179.85,210.3166667,243.7166667,181,172.8833333,164.55,157.7666667,164.4833333,157.0166667,146.4666667,140.75,166.5666667,140.3666667,139.1333333,174.5,149.0666667,140.9166667,168.95,169.6,158.8333333,208.8666667,202.6666667,165.4,181.8333333,231.7,153.6,213.1666667,229.0833333,187.8666667,210.9166667,141.0166667,198.75,221.7166667,172.4,205.6666667,174.6166667,177.3333333
Csnk2b,24271.3,22488.3,23279.2,22350.8,24476.2,21077.9,18864.3,20034.4,20146.6,20001.9,17503.9,24115.2,26081.8,22884,20497.1,20426.4,26700.8,29496.2,32308.3,25293,27239.9,22177.8,24772.7,25248,23611.1,23879.5,18008,20780.4,16143,18416.3,17801.2,17814,20315.1,21988.8,22911.8,22324.9,24186.6,19176.5,20795.5,22416.8,21587.2,20890,15933,9313.6,13146.5,11249,12068,11757.8
Cyp3a16,92.1,93.8,93.8,90.3,84.2,93.7,83.7,96.9,84.8,91.4,89.4,92.7,95.9,91.7,86.9,97.3,96.8,94,92.8,91.4,92.6,100.9,98.3,98.9,96.4,97.6,93.8,96.2,105.7,102,94.9,98,94.4,97.5,96.2,93.7,88.8,96.4,93.3,104.1,97.3,97.3,106.6,117.7,107.1,103.9,112.2,117.3
D10Ertd43e,51.6,52.6,52.4,52,50.7,52.3,51.3,53.4,50.6,51.9,52.1,52,53.1,52.1,51.3,53.7,53.1,51.8,52.4,52.5,52.7,53.2,53.7,54.3,53.3,53.2,52.5,53.3,53.8,54.2,52.5,53.4,52.1,53.1,52.5,52.1,52,53.2,52.3,53.8,53.5,53.4,53.9,54.7,54.5,54.5,54.6,55.6
D10Ertd494e,82.1,92.3,89.9,92.4,89.4,90.6,90.4,93.5,89.1,90.1,89.4,91,91.5,92.3,87.5,94.3,93.2,90.3,91.5,92.6,91.5,93.5,95.5,94.7,93.3,93.9,92.5,93.7,97.6,97.7,92.5,93.8,92.7,94.9,92.7,90.5,91.5,93.4,92.3,94.3,94,94.1,99.1,96.7,99.8,98.6,101.2,104.8
D11Ertd518e,52.3,52.7,53.1,52.8,50.9,52.6,51.4,53.9,50.7,51.5,52.4,52.6,53.5,52.9,51.7,54.2,53.8,52.4,52.5,53,52.9,53.8,54.1,54.6,53.6,53.7,53.1,53.7,54.3,55.1,53.2,53.9,52.9,54.1,53.2,52.5,52.3,53.7,53,54.8,54,53.8,54.3,55.3,55,54.8,55.4,56.1
D4Ertd117e,87.1,88,81.13333333,88.53333333,87.33333333,88.46666667,87.46666667,89.8,86.16666667,86.43333333,85.86666667,85.53333333,89,88.43333333,85.13333333,89.86666667,89.16666667,85.83333333,87.93333333,88.43333333,88.46666667,88.03333333,90.2,91.6,89.5,93.43333333,92.73333333,89.66666667,93.4,95.06666667,88.83333333,90.76666667,87.2,90.16666667,89.03333333,87,86.16666667,89.56666667,89.86666667,91.3,90,89.8,102.9666667,95.13333333,94.2,90.86666667,98.16666667,93.16666667
D5Ertd163e,99.2,68.9,83.3,66.9,140.3,69,92.5,69.2,123.4,176.9,83.2,68.5,68.7,121.6,67.5,97.4,67.5,66.2,68.6,69.2,68.1,57.6,69.6,70.6,68.4,68.1,68.2,69.9,70.3,77.6,69.1,69.3,68.2,67.9,69.1,75.8,67.2,70,69.2,73.6,70,69.9,108.4,70.9,69.6,70.4,71.3,71.7
Dars2,1531.4,2146.7,1841.3,1791.3,1961,1574.2,1710.9,1810.9,1505.5,1840.5,1954,2201.4,1921.1,1394.2,1550,1673.1,1607.8,1840.3,1875.9,1483.4,1376.6,1740,1580.4,1542.9,1889.7,1684.9,2018.9,1710.7,2223.7,1266.7,1579.9,1472.2,1789.3,1555,1906,1725.4,2452.6,1661.3,1752.7,1339,1602.5,1649.3,1418.6,1788.1,1835.9,1712.1,1739.2,1378.3
Dcn,26940.3,28255.45,29307.15,29569.6,28871.4,27415.55,23866.05,24466,23110.75,22338.1,27851.85,24619.95,23970.75,21082.6,23576.25,20487.8,23398.75,23091.8,25179.6,28092,29506.75,25612.25,22606.6,23608.3,22996.25,25932,27554.5,25498.45,30119.7,27622.2,26757.65,26286.15,27045.65,28025.85,27081.85,24398.05,27417.1,29305,25042.5,22633.7,20961.45,22099.25,27080.45,30845.55,31833.5,24122.7,26874,26850.6
Dcun1d3,190.1,210.6,197,157.7,215.5,188.45,217.25,160.85,174.7,152.9,151.75,183.85,202.6,168.6,150.4,188.5,211.35,265.7,298.65,255.95,244.1,238.85,224.65,204.8,210.5,190.75,202.25,171.3,147.1,179.9,180.75,137.45,163.45,128,198.55,158.95,185.85,172,157.35,188.95,226.8,201.25,345.05,215.9,181.2,229.6,200.45,216.1
Ddx18,1483.6,1346.933333,1478.233333,1532.233333,1473.733333,1665.333333,1721,1913.833333,1626.5,1399.8,1392.266667,1490.666667,1352.7,1106.766667,1335.366667,1265.8,1497.166667,1543.866667,1519.233333,1589.5,1799.466667,1732.466667,1779.166667,1505.7,1578.766667,1540.533333,1664.266667,1494.633333,1567.666667,1558.433333,1625.233333,1801.6,2177.233333,1709.5,1584.4,1411.1,1314.333333,1509.633333,1530.133333,1340.466667,1568.6,1407.966667,1633.033333,1444.566667,1795.833333,1571.466667,1717.6,1825.7
Ddx42,685.6,814.3,846.7,562.4,973.8,1017.9,890.2,1027.5,1231.8,1416.9,1051.1,960.5,769.6,1409.9,1068.4,977.4,865.6,1027,1106.9,957.2,720.2,900.3,700,735.3,757.2,809,820.5,710.1,677.8,648.4,734.6,710.8,956.9,893.8,838.6,870.4,876.3,849.8,830.3,1022.6,1015.1,1046,813.8,624,578.5,594.4,711.9,691.3
Dgkq,447.3,288.7,285.9,232,320.8,344.4,336,300.1,455.8,295.4,325,230.8,279.1,351.2,342.9,332.6,264.9,310.8,291.3,291.6,312.3,279.5,281.4,282.7,279.7,280.5,294.1,301,356.4,301,298.8,299.7,288.4,308.9,295.5,288.1,286.6,298.1,318.2,422.3,300,341.8,300.8,300.7,298.3,310.7,302.4,287.6
Dnase1l3,723.15,562.85,552.85,645.35,678.4,591.4,679.35,559.55,784.15,640.75,398.7,830,665.75,598.7,585.75,570.65,632.45,564.9,641.8,494.55,500.15,569,613.3,491.7,748.2,757.7,531.1,582.6,431.9,548.05,423.75,517.8,713.1,622,715.6,619.45,829.4,499.15,588.35,675.1,566,691.25,581.15,210.1,279.9,265.6,312.45,300.3
Dpcd,2237.5,3322.3,2477.6,2309.5,2126,2219.9,2336.5,2414.9,2156.1,2037.4,1769.2,3160,2099.9,1603.8,2216.9,1563.9,2892.7,3046.5,2479.2,2147.8,2371.3,2079.1,2414.1,2290.9,2505.5,2229.5,2557.5,2167,2303.8,2244.6,2132.4,2120.1,2295.6,2630.9,2241,1908,2104.1,1910.6,1942.4,2317.9,2038.5,2022.9,2074.1,2739.1,2224.1,2052.1,2262,2083.4
Dpy19l1,9372,9712.35,10043.35,8487.65,9249.05,8874.1,9107.7,6260.75,11389.75,11322.1,7792.05,6184.4,5703.1,7813.7,6910.4,6451.15,5590.75,6864.95,6374.45,7179.25,7757.7,7791.45,7430.35,7676.5,7460.85,7623.1,7633.5,7502.7,6701.5,7107.35,6154.45,6111.8,6869.45,6923.2,6958.6,6019.8,6134.25,5474.1,5271.7,5861.45,6342.7,7032.2,8405.85,6089.3,7462.15,7218.3,7083,7578.75
E130304I02Rik,56.2,56.7,56.4,56.8,55,56.7,55.6,57.4,54.8,55.4,56.2,56.3,57.3,56.7,56,57.4,57.3,56.5,56.3,56.8,56.7,57.5,62.3,58.8,57.4,57.7,56.9,57.4,58.1,58.9,56.8,57.4,57,57.2,56.7,56.4,56.1,57.6,56.8,57.9,57.7,57.2,58.1,61.9,59.3,59.1,58.9,59.4
E430024I08Rik,201.8,217.3,259.45,205.55,223.95,266.75,236.9,233.8,199.5,254,288.3,248.45,222.25,253.4,175.9,214.8,210.95,255.4,231.05,217.2,176.8,219.05,200.8,241.85,221.65,199.05,211.1,213.15,263.05,175.75,167.15,194.55,207.95,227.35,199.85,252.75,247.85,320.15,236.75,284.65,239.85,289.15,248.45,201.8,295.9,207.55,302.6,287.5
Ecscr,282,301.6,305,211.4,247.7,250.6,283,448.6,217.5,277.6,286,273.2,242.8,223,279.2,235.6,263.2,255.1,275.4,256.8,241.8,261.9,265.6,226.6,279.5,243.5,275.3,344,266.1,256.3,261.8,176.6,350.8,281.9,398.9,261.4,255.9,332,253.1,306.9,341.3,244.2,313.9,362.3,246.9,375.2,320.9,374.6
Edrf1,522.8666667,437,501.8,414.2333333,519.4333333,626.6666667,609.5333333,464.5333333,491,648.8333333,451.2,431.1333333,455.4333333,565.1,625.4666667,654.0666667,519.2333333,598.1666667,559.5,503.4333333,595.6666667,463.4666667,415.0666667,531.4666667,456.8,399.5,505.1333333,455.5666667,512.2,538.9333333,516.7333333,400.9666667,507,329.0333333,471.0333333,520.5333333,416.6333333,536.0333333,600.3666667,565.7333333,525.7,665.4333333,741.8666667,422.4666667,410.8,505.3666667,492.3,474.2333333
Efcab10,67.1,67.5,69.1,67.6,66.7,67.8,66.3,70.5,65.4,68.2,67,68.2,69.8,67.7,65.6,70.7,71,69.1,68.2,68.3,69.3,70.5,71,71.5,69.9,70.2,68.6,70.1,70.9,72.3,69,70.4,68,71.2,69.4,67.6,67.3,70.2,69.1,71.9,70.5,71.1,71.7,72,74.4,72.4,74.7,77.7
Eif3d,7654.7,7056.35,7512.15,7383.65,8688.2,7785.65,8304,7408.25,10274.3,9508.35,7390.25,7907,7872.7,8109.1,7323.15,7828.85,7304.5,8500.8,8537.55,7198.7,7935.45,7201.4,7903.95,7771.7,8144.75,8092.85,6820.3,6991.3,4957.05,6655.6,6707.7,7950.25,9113.3,8945.05,8445.15,7722.4,8181.05,7580.6,6783.9,7239.9,7813.25,7707.7,6478.8,3529.85,4541.8,4153.6,4966.5,4886.25
Elmsan1,325.2,322.65,320.475,331,384.1,359,366.925,360.025,512.975,500.55,369.025,326.525,325.75,339.2,348.95,329.775,326,322.75,321.675,335.8,324.525,314.1,333.45,330.1,328.1,327.7,324.475,330.6,330.425,373.5,284.075,331.9,328.8,308.225,459.525,304.45,262.15,328.625,302.1,328.875,325.925,345.8,308.55,249.7,224.9,246.75,248.25,218.025
Emsy,451.325,457.725,554.175,440.875,578.75,541.35,432.775,262.5,531.875,583.175,445.9,398.2,471.8,571.35,489.925,503.325,424.975,519.5,452.65,543.05,527.8,382.975,452.55,342.175,401.775,438.7,451.25,399.45,573.65,496.275,560.125,526.35,464.025,372.325,430.9,584.525,475.4,493.125,448.425,535.675,439.05,442.1,512.6,373.1,385.4,595.3,467.45,474.225
Emx2os,57,57.7,57.3,57.8,55.7,57.7,56.6,58.9,57.2,56.4,61.5,57.6,58.6,57.9,56.6,59.5,58.7,59.8,57,58.3,58,56.2,59.3,59.8,58.8,59,58.2,58.9,59.7,60,58.3,59.2,57.9,58.8,58.1,57.6,57.2,59,58.2,59.7,59.5,59.2,64.2,61,60.4,67.5,61.2,64.3
Epgn,48.1,48.2,47.7,48.5,47.7,48.4,46.7,55.4,46.4,46.8,48.5,48.1,59.8,47.6,47.3,49.2,49,48.1,50.9,52.2,48.3,48.8,49.3,51.8,48.8,49.4,48.5,49.5,95.5,49.5,48.5,69.6,48.6,48.6,48.6,65.1,48.3,49.1,67.9,49.1,49.1,47,49.1,49.9,49.7,49.6,49.9,55.8
Epor,108.3,109.2,109.3,105.7,109.3,109.9,108.1,110.3,106.3,103.2,105.3,108.3,105.4,109.2,108,110.7,109.6,109,109.3,109.5,109.3,109.3,110.3,111.3,110.1,135.1,124.6,110.1,110.9,111.1,109.4,110.5,110,109.8,105.9,120.6,108.4,107.6,111.2,110.3,110.3,107.9,110.5,111.3,111.2,115.1,121,124.5
F2,223738,227792.6,227003.9,232238.6,235618.5,241282.5,229936.4,205950.3,246848.7,253706.9,202099.5,228431.3,221633.6,232914.7,237572.8,221315.2,219820.9,228955.8,233275.2,209398.8,211903.1,211058.8,208947.2,217290.4,215334.1,231391.7,194578.9,227434.5,181586.3,218980.6,223653.3,209946.5,225369,216918.5,234762.8,234409.6,249664.2,206414.1,222373,220974.1,221091,230922.5,205746.9,118517.9,142833.9,142327,145238,163247.1
Fam117b,197.9666667,173.2,163.5,178.0666667,169.8666667,185.5666667,162.6666667,153.0666667,198.3666667,160.4333333,189.7666667,145.8,180.3333333,200.6,195.5,195.0666667,206.7333333,236.4333333,211.6333333,167.7666667,163.6333333,134.9333333,202.5333333,196.9333333,156.9666667,156.2333333,176.0333333,158.8333333,149.2666667,173.4,197.5666667,166.5666667,158.7333333,163.7333333,167.4333333,204.6333333,177.5666667,165.5333333,206.3333333,196.8666667,246.9333333,213.1,212.6333333,148.8,140.7,141.2,110.3666667,128.4666667
Fam184b,85.9,86.96666667,90.1,91.56666667,82.8,89.26666667,90.73333333,90,82.6,84.83333333,86.46666667,91.1,90.4,94.36666667,96.93333333,94.56666667,90.1,92.46666667,90.33333333,99.96666667,88.3,93.96666667,101.4333333,109.7333333,88.83333333,87.93333333,88.33333333,88.06666667,93.63333333,92.76666667,92.53333333,94.36666667,88.1,89.43333333,108.1,85.73333333,86.5,86.33333333,92.56666667,97.13333333,90.66666667,90.66666667,92.6,95.13333333,93.4,93.73333333,96.23333333,106.1333333
Fam210a,2510.56,2955.52,3233.78,3328.34,3099.24,3167.44,3270.66,3129.66,3652.08,3598.9,3715.5,3548.28,3953.8,3306.64,3590.74,3252.94,3047.16,2828.94,2927.54,2760.54,2489.36,2629.96,2602.22,2421.2,2996.04,2854.22,3685.08,3197.62,3382.64,3241.3,3618.16,3671.24,3667.5,3744.46,3816.04,4096.18,4051.68,4233.38,3718.5,3265.66,3396.12,3254.46,2969.98,3354.84,2544.76,2774.64,2669.14,2757.66
Fam89a,350.7,444.3,367.1,362.8,348.4,392.9,449.3,411.7,259.3,407.3,259.8,224.3,212.1,106.5,121.8,86.9,206.2,96,149.7,96.5,101.7,140.5,110.1,144.5,227.1,326.4,253.2,411.6,226.4,373.3,567.7,360.6,350.4,423.5,433.1,131.2,157.4,323.3,144.8,89.4,100.8,98,67.9,101.2,150.9,102.6,107.8,144.9
Fastk,1237.6,1024.1,1320.2,997.8,1322.3,1294.8,1115.1,1109.3,1352.5,1692,1414.9,1244.6,1482.3,2202.7,1526.3,1556.7,1505.5,1334.6,1591.7,1470.2,1397.1,1172.7,1193,1448.2,1129.1,1104.1,932.6,976.8,970,1081.4,802.2,738.3,1115.3,1072.7,1351.6,1383.5,1140,1121.9,1465,1478.1,1339.3,1583.2,1424.4,1033.8,1317,1049.9,1094.8,1106.8
Fbrsl1,214.8333333,187.4,186.4,185.9,183.1,202.0666667,200.8333333,188.1333333,190.4666667,244.9333333,194.9,185.3,188.9666667,186.8,189.4666667,212.8333333,188.0666667,186.2666667,167.2,220.9333333,185.7333333,189.7,133.8,182.0666667,193.6666667,189.7333333,186.6,189.5,193.9,192.6333333,199.9333333,190.4333333,213.1333333,189.3,186.7,186.1666667,185.7,190.7666667,187.4333333,190.7333333,204.1,189.3,192.8666667,188.4333333,210.0666667,195.4333333,200.5666667,196.1
Fbxo43,56.8,56.8,57,57,55.6,57.2,55.5,58.6,55.3,55.9,57,57.1,58.1,57.4,56.5,59.1,58.3,57,56.9,57.8,57.7,59.1,58.7,59.4,58.3,58.5,57.6,58.4,60.6,59.7,57.6,58.6,57.8,58.4,57.8,56.7,57,58.3,57.7,59.2,58.9,58.8,59.3,61,60.3,60.1,61.1,62
Fer,190.1666667,198.4666667,194.3333333,209.1333333,196.3,182.0333333,203.2666667,209.9333333,176.6666667,188.2333333,215.2,256.9666667,274.0333333,167.6666667,191.2,214.8,207.6333333,240.7333333,243.5,208.7333333,212.0333333,203.1666667,202.7666667,233.0333333,204.7666667,228.5,237.8666667,232.9333333,265.7666667,203.9666667,211.8,199.2333333,226.3666667,192.6,264.0333333,229.3666667,218.9,242.3333333,224.6666667,245.6,225.7333333,258.8666667,214.3333333,207.3333333,237.2666667,213.6,253.5,256.7666667
Fgf3,76.03333333,79.83333333,70.7,72.7,71.1,70.83333333,68.53333333,73.16666667,69.06666667,71.13333333,71.83333333,71.6,72.6,71.93333333,70.4,73.73333333,73.7,71.83333333,73.06666667,71.5,72.53333333,73.13333333,73.73333333,74.16666667,72.5,74.3,72.4,73,73.9,78.83333333,78,74.73333333,72.23333333,77.23333333,71.86666667,75.23333333,74.3,73.23333333,73.83333333,76.6,73.56666667,73.53333333,74.06666667,85.4,74.8,75.4,75.7,83.96666667
Flrt3,65.85,66.2,66.4,67.05,65.15,67.1,65.25,69.05,63.75,64.3,69.95,67.7,69.2,67.4,66.1,70.1,70.4,67.35,67.6,90.7,66.95,75.35,70.5,72.2,69.4,70.2,67.35,69.45,73.05,71.05,67.75,69.9,67.55,70.55,68.9,85.45,67.75,68.55,74.35,88.45,70.75,69.7,72.3,75.3,74.55,74.4,75.3,74.05
Fndc7,62.15,64.475,63.775,64.375,60.5,64.35,63.2,65.75,60.175,62.675,63.95,64.175,65.325,64.45,63.725,66.075,66.05,63.975,63.775,64.4,64.75,65.9,66.375,67.175,65.6,65.975,64.9,65.525,69.05,67.85,64.825,66.775,64.55,65.825,64.925,64,62.775,65.225,64.725,66.75,65.95,66.175,69.6,75.05,70.075,67.7,69.3,72.975
Folr2,1291.6,1596.7,1275.1,1343,1476.7,1158,1608.3,1610.9,916.9,279.4,964.9,1226.8,1446.8,446.7,875.8,731.7,1289,1335.2,1910.7,1162,1314.9,1666,1262.8,1284.3,1419.8,1706.7,1567.5,1251.3,1440.7,1579,1238,1252.2,1497.2,1518.6,1385.3,999.5,1757.3,1301.8,1240.9,845.2,1049.1,749.7,1232.1,1272.7,1513.3,1312.1,1876.3,1281.6
Fosl1,53.95,55.05,54.7,54.6,53.7,55.1,53.2,55.8,52.85,53.85,54.7,54.7,55.5,55.05,54.1,56.15,55.45,54.3,56,54.85,54.6,55.85,55.95,56.4,55.65,55.95,55,55.75,56.3,56.45,55.25,55.85,54.8,55.7,55.1,53.85,54.85,55.85,55.25,56.35,56.95,55.95,56.55,57.55,56.85,57.65,57.6,59.05
Fscn2,55.3,55.5,55.4,55.9,54,55.5,54.6,56.8,53.4,54.4,55.4,55.4,56.3,55.8,54.9,57.2,56.5,55.2,55.4,55.8,56,57,56.9,57.7,56.5,56.8,56.1,56.6,57.3,57.8,55.9,56.9,56.1,56.6,56,55.6,55.1,56.6,55.9,57.3,57,56.8,57.5,58.5,58.3,58.1,58.9,59.8
Fthl17a,52.3,53.2,53.1,51.8,52.3,53.4,51.7,53.8,49.8,52.7,53,53,53.5,55.5,52.7,53.9,53.5,53.2,53.2,53.1,53.1,53.8,53.7,54.5,52.6,53.7,53.5,53.8,54.1,54.2,53.1,53.8,53.6,53.6,53.2,53.1,52.9,53.7,54.5,54.3,53.7,53.8,53.9,54.2,54.3,54.2,64.4,54.7
G730007D18Rik,65.3,59.4,66.6,59.7,62.9,61.2,59.2,59.7,78.3,73.8,60.5,59.3,60.1,58.6,57.1,60.3,59.7,58.2,59.5,58.7,58.7,59.5,59.3,60.3,60,60,59.9,60.1,60.1,61.3,59.3,60.1,59.8,59.8,58.5,59.4,54.6,59.8,58.8,59.8,60.2,60.1,61,62.5,61.7,61.5,62.7,63.6
Gadd45a,1825.9,1679.3,1078.5,976.9,436.3,734.9,1041.9,1671.3,2047.2,1227.7,1436,1802.4,2487.2,2348.7,1788.6,2804.4,3498.6,2102.4,1818.2,857.6,2382.4,2610.8,1822.2,1131.3,1535.3,1943.1,1181.8,747.6,572.7,645.5,1123.4,1294.5,1900.8,1969.3,1458.9,2160.1,2039.1,1864.7,2866,1727.3,3041.1,2403.2,1187,1199.8,3558.7,1441.4,2487.6,1287.5
Glra2,61.5,62.1,61.5,62.4,61,62.3,60.1,64.2,60,60.9,61.4,62.3,63.7,62.5,60.7,64.6,64.1,62.2,62.5,62.6,62.6,64.6,64.8,65.5,64.1,64.5,63.1,63.8,65.8,65.9,63,64.5,62.5,64.2,63.2,62.1,61.8,64,63,65.1,64.7,64.5,65.8,69.1,66.8,66.4,67.6,68.8
Glud1,137311.4,133870.7,139346.65,134253.15,146326.7,149324.2,134840.35,126696.75,146845.8,149401.55,115846.2,139352.6,138633.45,144286.6,138802.5,134370.85,134804.5,139878.6,141758.1,128329.85,134174,133399.1,130611.9,139423.1,132720.55,137392.85,123317.05,135117.25,104335.55,137027.75,125277.9,121723.95,141939,130553.3,152536.75,140183.1,151497.45,125948.35,132484.25,138365.25,128757.15,143729.4,117217.7,81815.55,91393.7,93005,89576.05,93952.75
Gm10309,147,151.2,165.6,149.4,154.8,161.8,176.3,167.8,144.7,157.1,160.1,163.7,165.1,163.1,158.1,169.2,169.5,158.4,163,163.4,148.4,169.3,170.3,171.8,161.9,170.9,166.9,154,190.3,194.7,166.5,169.9,163.2,171.4,169.2,143.3,186.4,167.5,163.9,180.4,168.6,168.4,173.7,209,189.4,178,203.3,272.4
Gm12159,36.1,36.3,36.3,36.5,35.6,36.4,36.1,36.8,35.7,35.9,36.2,36.2,36.7,36.4,36,37,36.6,36.3,36.4,36.5,36.5,36.7,36.9,37.1,36.8,36.8,36.5,36.8,37,37.1,36.4,36.8,36.6,36.7,36.4,36.4,36.2,36.9,36.4,37,36.9,36.9,37.1,37.3,37.3,37.1,37.3,37.7
Gm17739,109.8,120.4,113.9,117.9,111.8,117.5,111.6,122.3,154,115.7,113.8,118.4,124.7,167.7,182.8,124.9,126.5,118,120.1,121.9,126.6,129.7,129.9,128.7,122.3,126.4,138.8,125.7,134.1,144.9,121.8,138.2,121.6,127.2,125.9,132.1,114.8,123.4,123.4,132.7,130,137.4,145.2,152.1,225.2,141.5,140.5,160.7
Gm20213,56.5,65.3,65.1,66.2,63.3,66,63.3,66.7,65,64.4,65.6,65.4,66.7,66.1,64.6,67.3,75.2,64.3,65.5,66,65.2,67.2,66.2,68.2,66.8,66.9,66.3,66.3,79.5,68.3,65.5,69.1,65.9,82.2,66.4,65.4,65.8,66.3,66,68.8,66.9,67.3,79.2,69,68.6,75.1,78.2,87
Gm32633,73.4,73.2,72.7,73.8,71.3,73.3,71.5,74.2,94.3,71.9,72.7,74.1,74.4,71.8,72.5,74.9,74.4,73.1,73.2,74.2,74,74.5,75.3,75.2,74.2,74.9,74.6,74.9,76.4,76.6,74.3,75.4,74.2,74.6,74.4,73.4,72.6,71,74,88.5,75.3,74.7,76.2,90.8,77.5,76.6,81.7,80.4
Gm3916,53,53.9,54.2,53.8,52.1,53.8,52.5,55.1,52,52.5,53.5,53.6,54.5,53.9,53,55.2,54.5,53.9,53.6,54.4,54.1,55,55,55.8,54.7,54.9,54.1,54.7,55.8,55.9,54.3,55,54.1,56,54.3,53.7,53.5,54.9,53.9,55.4,55.1,55,57.2,56.3,56.3,58.2,56.5,57.7
Gm6225,49.6,49.9,50.6,50.2,49.1,50,49.8,50.6,49.3,49.4,49.8,49.8,50.3,50.2,49.7,50.9,50.4,50.2,49.9,50.3,50.2,50.5,50.7,51.4,50.4,50.8,50.5,50.5,52.1,51.2,50.4,50.8,50.1,50.4,50.1,49.8,49.5,50.6,49.9,50.6,50.8,50.7,51.1,51.8,51.6,51.4,52,52.5
Gm9817,54.7,54.83333333,54.73333333,55,53.8,54.66666667,54.36666667,55.56666667,53.06666667,54.06666667,54.63333333,54.53333333,55.23333333,54.93333333,54.43333333,55.8,55.16666667,54.5,54.9,55.1,54.73333333,55.46666667,55.66666667,56.06666667,55.4,55.53333333,54.96666667,57.1,56.33333333,56.1,57.56666667,55.73333333,54.9,59.26666667,54.93333333,54.5,54,55.4,54.63333333,55.73333333,55.6,55.86666667,55.83333333,57.13333333,59.86666667,56,56.9,57.83333333
Gnaq,910.2428571,870.3,764.0714286,800.8142857,997.9142857,939.8571429,919.5714286,877.0857143,1254.085714,1201.185714,996.4857143,938.8428571,953.2571429,1294,975.9857143,1223.914286,1126.214286,1005.042857,968.1714286,1115.928571,922.1714286,904.0857143,905.3142857,680.3,811.7571429,714.0428571,760.2142857,719.9857143,676.4714286,854.9285714,859.2857143,886.5142857,1041.157143,893.2285714,960.7857143,1033.157143,888.3714286,838.0571429,966.9428571,963.6571429,974.3285714,1029.371429,939.5285714,615.2714286,660.2285714,695.3571429,697.5142857,656.0714286
Golga3,732.1,757.5666667,721.5666667,779.7,745.3,873.3333333,1121.233333,1054.933333,1225.3,953,897.5333333,704.5666667,682.6333333,804.1,948.3666667,785.9333333,890.8,864.9666667,942.7666667,914.3333333,831.5,797.0666667,707,726.5666667,763.7,773.8,709.3333333,669.0666667,673.5,720.4333333,784.2,738.0666667,1135.833333,769.9666667,811.5,778.8333333,768.1,834.2333333,759,835,815.3666667,858.2666667,817.2666667,654.9666667,653.8666667,599.3333333,695.0333333,647.2333333
Gp2,61.4,60.8,61.7,62.3,60,62.3,60.4,4887.4,59.8,59.3,61.6,62,62.8,61.2,61.5,63.3,62.8,61.6,61.9,62.4,62.3,63.1,63.3,64,62.8,69.4,62.5,63,700.9,64.3,66,63.1,62.1,62.9,62.3,62.1,61.8,62.9,62.4,63.6,63.3,63.2,63.8,64.7,64.5,64.3,64.8,67
Gps1,11603,11502.6,11831.2,11205,12013,10746.9,10920.4,10046.6,10951,10689.1,11304.8,11494.8,11717.9,10218.1,11029.4,9840.4,11449.9,11449.4,10908.8,10987.7,11150,10942.9,11402.6,10652,10477.5,11845.5,11491.1,9639.8,10474,10795.3,10032.6,10589.8,11504.6,12570,11756,11412.5,11881.2,10173.5,11274.1,10453.1,10961.9,9473.2,10001.7,10328.2,10093.6,10644.4,9793.3,10240.7
Gsto2,62.2,63.4,64.1,63.8,60.8,63.2,61.3,65.7,60.4,61.7,62.8,64.4,65.2,63.8,64.2,66.1,65.4,64.1,64.4,64.9,64.9,66,66.1,67,65.7,65.9,65.1,65.7,67.8,67.6,65.4,66.1,65,65.7,65.3,63.3,62.8,65.6,64.9,66.5,66.2,65.9,67.2,68.9,67.9,67.6,69.1,70.3
Gstt3,8178.3,5598.1,7384.1,5730.7,4529.9,3692.2,3774.3,4078.4,4470.7,4200,3488.1,4635.1,3982.6,5296.6,3802.2,5111.7,4966.4,4739.7,5176.1,5692.4,4730.2,5138.7,6564.9,5208.2,5098.1,4399.1,5974.1,5959.1,4089.7,3964.6,5719.8,5995.8,2767.6,4638.1,4698.1,5399.9,2696.8,4553.4,5296.4,3716,4902,5621.1,3821.3,2713.2,4465.9,2585.1,2982.6,3906.5
Guca1a,51.9,52.3,51.9,52.7,51,52.7,56.2,53.4,50.5,51.9,52.6,52.1,53,52.4,51.4,53.4,52.8,51.9,52.5,52.6,52.8,53.3,53.4,54,53.1,53.3,52.7,53.1,65.8,54.3,52.6,53.5,52.7,53.2,53.5,52.1,51.9,53.2,52.5,53.9,53.3,53.5,54,54.3,54.4,54.4,54.7,55.3
Heatr3,1615.7,1614.2,1601.5,1558.1,1577.7,1622,1489.7,1626.7,1747.3,1599.6,1599.1,1607,1619.7,1572.4,1611.5,1423.2,1519.1,1728.5,1823.9,1635.8,1881.5,1623.2,1724.3,1637,1629.7,1880.1,1613.6,1630.4,1500.3,1598.5,1612.4,1632,1829.8,1635.8,1612.6,1605.8,1537.8,1383.7,1338.2,1579.5,1633.8,1835.7,1633.6,1661.1,1871.6,2051,1703.4,1656.1
Hook3,2371.5,2477.1,2445.6,2736.925,2789.15,2440.275,2137.825,1781.925,2324.45,2718.225,2734.15,1908.55,2045.8,2568.525,2548.95,2319.95,1877.725,1871.825,1786,1764.325,1848.85,1542.325,1773.8,1775.8,1731.175,1854.9,2617.05,2075.65,2390.1,1714.025,2056.65,1928.325,1826.075,1792.45,1894.575,2438.925,1790.05,2207.8,2064.1,1860.625,1921.925,2085.75,1711.725,1781.65,1546.125,1879.55,1802.425,1968.25
Hspb6,1953.9,2314.9,2184.2,2110.2,1668.3,1482.4,1691.9,1934.7,1663.4,2099.8,1388.2,2352.9,2113.8,1668.1,1563.3,1925.4,2520.7,1902.8,2238.7,1711.4,1931.1,2075.1,1879.9,1772.8,2919.4,2248.6,1779.3,2517.6,1511.7,2072.5,2091.1,2062.7,2317.1,2309.7,2669,1718.9,2382.6,1918.9,1892.1,1806.2,2168.3,2048,1554.5,688,1082.7,995.6,1103.3,740.8
Ifitm1,3489.8,3859.4,3533.2,3025.5,3468.9,2573,2261.8,2613.5,2298,1736.5,2830.5,2374.3,1912.3,1931.2,2343.5,1503.6,2593.6,2695.8,2541.7,3283.7,3168.7,2892.1,3117.3,3222.8,3332,3255.4,3422.3,2819.2,3087.4,2542.7,2152.3,2489.1,2355.1,2670.4,2257.5,2137.8,2555.2,2316.3,2189.8,1960,2031.3,1991.1,2302.1,2414.9,3308.6,3055.4,3010.5,3205.3
Ifna11,54.9,55.1,55,55.2,53.1,54.9,53.9,56.3,52.8,53.7,54.9,54.8,55.8,55.2,54,56.5,55.9,55.1,54.8,55.4,55.2,56.5,56.4,57,55.9,56.2,55.4,55.9,56.8,57.2,55.5,56.3,55.2,55.9,55.4,55.3,54.8,56.1,55.3,56.8,56.4,56.2,56.7,58.2,57.6,57.2,57.9,59.1
Igkv5-39,75.5,78,79.9,78.4,77.3,77.4,77.7,81.4,72.8,74.7,77.3,89.5,101.2,78,75.7,80.9,81,79.2,76.6,80.6,96,81.4,81.7,82.6,81.3,81.1,79.6,80.9,84,85.1,80.5,81.4,78.5,81.1,79.1,77.6,76.9,78.6,80.1,82.3,81.5,82.1,82.3,86.4,87.7,85.6,93.2,86.4
Igsf10,58.9,60.2,59.5,60.3,58.1,60,58.9,61.6,57.9,58.6,59.4,60.2,61.2,60.4,58.7,62.1,61.7,60,60.2,60.5,60.7,62.4,62.4,62.9,61.3,61.8,61,61.5,62.5,63.3,60.8,62.3,60.4,61.9,60.7,59.9,59.4,61.5,60.6,62.5,61.8,61.7,62.9,65.8,63.9,63.9,64.4,65.4
Il2rg,433.6,335.05,246.25,377.05,313.95,336.15,590.85,500.2,329.8,253.3,337.3,399.45,477.5,398.5,328.5,330.85,355.5,379.15,464.1,341.8,456.25,424.15,382.1,375.95,381.55,444.05,362,454.75,421.75,590.6,482.9,520.3,534.75,397.8,397.85,391.5,490.8,615.35,404,386.65,416.15,419.5,303.9,172.85,320.95,301.15,500.15,419.5
Il4ra,337.2666667,374.0666667,381.6666667,483.2666667,445.3,349.1666667,368.6666667,351.1,489.1666667,439.2,315.3333333,349.7666667,373.3666667,327.4333333,333.7333333,303.7666667,302.9333333,319.5333333,349.5666667,301.2333333,348.2,348.0333333,377.5666667,376.4666667,372.8333333,386.9666667,303.7,433.3,366.2666667,371.8666667,352.7666667,348,350.3,372.7,381.2333333,347.8,376.2333333,357.5333333,361.0333333,328.9,297.2,346.5666667,333.2666667,359.3333333,354.1333333,300.2333333,344.7666667,355.4333333
Inpp5j,1400.9,1407.1,1340.1,1475.6,1332.8,1307.4,1376.7,1418.4,1238.3,958.6,1254.6,1402.7,1360.4,1115.8,1402.8,1097.4,1455.7,1750.9,1365.1,1412.2,1462.7,1710.6,1568.4,1419.6,1418.7,1553.1,1415.5,1296.9,1627.6,1185.6,1907.8,1421.7,1188.2,1213.9,1830.9,1221.4,1429.1,1467.9,1516,1418.8,1713.4,1417.7,1323.8,1923.1,1654.1,2201.7,2501.3,2197.1
Itgb8,130.8,83,82.2,81.1,76.8,79.8,63.7,86,76.7,81.3,85.1,83.8,84.9,79.9,83,88.8,106.6,83.7,83.5,90.1,85.8,86.1,86.4,87.8,86.6,86.2,82.4,85.7,87.8,96.2,84.2,86.2,81.8,94,83.7,80.8,79,79.1,83.9,87.1,84.4,84.8,98.6,92.6,106.7,94.5,102.6,98.9
Itih4,171329.7,175490.3,168682.7,171714,210516.3,189811,184173.7,162710.7,196303.4,207162.8,151722.3,172226.4,179005.4,184756.4,195931.1,166568.2,170225.6,179984,184552.5,161991.8,164649.3,151211.8,166183.7,177384.3,172243.4,196905.1,144612.4,175586.8,149490.1,186777,171206.6,177361.4,170064.3,156101.9,185780.7,179147.3,213489.6,164498,159796.4,169423,153109.7,213975.5,160283.1,49680.4,73552.9,89079.6,86794.2,97710
Katnb1,55.7,55.5,56.3,56.1,63.5,55.5,56.2,56.5,55.1,60.9,55.1,55.2,56.6,55.6,55,56.7,56.7,56.3,56,55.6,55.8,63.1,56.6,58,56.7,57.1,56.2,56.8,57,57.4,55.8,56.6,56.2,56.5,56,55.1,55.6,56.5,55.5,57.1,56.3,56.9,56.6,57.1,56.6,57,56.7,61.6
Kcnn2,3240.3,3191.9,3721.7,3221.8,2930.9,3360.8,2403.7,2574.6,2881.6,3347.1,3030.9,3556.3,3695.3,4164.6,3581.9,3721.3,3221.4,4197,3812.2,4123.4,3129.8,2757,3127.1,2605.1,3073.1,3051.6,2702.7,3097,2774.8,2864.8,2536.2,3017,2667,3087.1,3851.4,3627,3333.7,3326.4,4035.7,3893.4,3228.5,3831.3,2832.4,2168.2,2033.3,1999.2,1754,2284
Kcnq2,58.58181818,59.82727273,59.46363636,59.91818182,58.06363636,59.65454545,58.87272727,61.79090909,59.20909091,58.31818182,58.6,61.75454545,61.04545455,60.00909091,58.80909091,60.39090909,59.66363636,59.94545455,59.90909091,60.03636364,60.10909091,62.45454545,61.57272727,63.84545455,61.34545455,62.72727273,60.73636364,60.87272727,66.61818182,63.30909091,60.79090909,61.43636364,60.50909091,61.11818182,60.49090909,59.80909091,61.11818182,61.09090909,61.04545455,61.8,61.47272727,61.24545455,65.59090909,63.80909091,63.06363636,67.58181818,63.87272727,64.88181818
Kcnv1,65.6,65.96666667,66.76666667,66.46666667,64.83333333,64.5,64.93333333,67.6,64.2,65.03333333,65.16666667,65.9,67.1,65.96666667,65.5,67.66666667,68.7,65.33333333,65.83333333,67,66.5,68.26666667,68.1,69,67.5,67.76666667,66.66666667,67.06666667,68.96666667,68.93333333,66.56666667,67.96666667,65.83333333,68.33333333,66.86666667,65.96666667,66.1,67.36666667,66.33333333,68.7,67.93333333,67.86666667,69.1,71.36666667,69.86666667,69.56666667,72.26666667,74.2
Kctd9,573.1,432.6,441.4,475.9,514.4,648.6,511.8,448.5,521.8,677.4,397.2,526.1,621.5,547,450.9,410.8,532.6,486.1,629.9,499.6,480.4,370.5,457.4,420.6,327.1,414.8,384.2,419.9,423.1,487.7,435,530.2,663.4,546.2,714.2,710.3,409.3,631.9,523.6,408.8,484.1,409.7,433,542.8,399.8,338.4,456.1,414.1
Kdelr1,12013.7,9810,10747.7,10575.1,14090.9,13838.3,13556.1,10956.9,17062.1,18046.7,14136.4,12093.9,13007,16321.5,14715.5,13508.5,13001.3,15003.2,14227.7,13050.1,13198.2,11099.3,13956.2,13070.7,13985,14652.3,12727.7,11908.6,9704.9,11953.7,11431.1,12222.2,12365.5,13717,15395.4,15645.3,15300.4,13339.7,13081.2,15594.4,14543.1,15716.3,14608.1,8795.9,9665.9,9446.6,9401.2,9728.6
Lama3,290.85,198.1,279.35,211.8,253.7,209,302.45,214.1,206.4,202.1,209.8,209.7,169.6,202.3,129.45,202.8,194.1,191.5,238.25,197.05,360.95,242.2,240.6,293,220.1,221.7,342.5,272.2,225.8,267.35,169.95,185,239.05,197.85,225.25,172.15,243.65,184.35,188.8,178.3,290.65,254.85,209.6,218.4,216.65,281.75,252.75,264.4
Leap2,51816.9,50756.5,51476.8,46363.3,42157.7,62432.5,64856.6,65794.3,53879.9,41175.5,50653.1,39512.8,32122.7,25103.1,25830.5,17306.3,26737.2,24727.4,22357.4,23956.3,35342.3,52249.6,45121.2,39181.1,34652.3,31548.5,47041.3,38955.7,38577.3,41244.9,53969.5,50928.9,42952.8,52594,49572.8,30452.1,27248.2,31433.5,26092.7,19312.4,24286.9,22477.6,25128.7,39235.5,57693.2,46049.2,42445.7,59615.2
Lin7b,112.925,108.725,112.65,116.475,115.9,132.4,118.425,127.6,112.775,113.05,113.5,116.475,130.175,124.5,121.65,120.975,118.375,116,120.925,116.225,117.1,120.9,120.775,136.8,129.4,124.4,116.175,117.45,124.55,136,121.075,140.375,115.3,112.675,122.825,114.825,118.3,119.075,123.275,132.075,120.3,134.05,123.45,129.775,117.575,128.975,124.525,143.6
Lipn,52.3,53,52.6,53.1,51.2,53.3,51.6,54,50.9,51.8,52.7,52.8,53.6,53.1,52.2,54.3,53.8,52.6,52.7,53.2,53.3,54.1,54.2,54.9,53.8,54,53.4,53.7,54.6,55,53.3,54.1,53.2,53.8,53.2,52.8,52.5,53.8,53.2,54.6,54.2,54.2,54.8,55.6,55.3,55.1,56.5,56.5
Lncenc1,71.6,74.2,73.7,74.5,71.7,74.3,73.7,76.4,71.2,73.1,72.2,74.2,75.4,74.7,71.3,76.8,76,72.5,73.4,74.9,74.8,76.3,77.5,79.4,75.9,76.2,74.9,75.3,94.3,81.2,74.5,83.8,74.7,77.6,75.1,72,73.6,75.6,74.9,77,76.2,76.6,80.6,79.4,78.5,78.1,79.6,80.9
LOC102634683,62.8,63.1,63.1,63.5,61.9,63.3,63.5,64.1,61.8,61.9,63.6,63.9,64,63.4,62.6,64.6,64,63,62.9,62.4,63.7,64.4,64.4,65.1,64.2,64.2,63.6,64.4,66.3,64.5,63.6,64.4,63.7,64.2,63.8,63.1,71.6,64.3,62.5,65,81.2,64.1,64.8,67.1,66.3,65.9,67.3,68.7
LOC552911,48.7,49.3,48.8,49.5,48.2,49.1,48.4,50.1,48.3,48.8,48.7,48.8,49.6,49.4,48.3,50.3,49.8,49.2,48.8,49.5,49.6,50,50.1,50.8,49.9,50,49.5,49.9,50.4,50.9,49.4,50.1,49.6,50,49.3,49.4,49,49.9,49.2,50.3,50.1,50.1,50.6,51.4,50.9,50.9,51.1,51.6
Lrp2,67.8,68.8,66.4,69.1,69.73333333,66.43333333,67.2,71.66666667,64.16666667,63.76666667,66.1,69.3,81.03333333,66.96666667,66.2,70.76666667,71.9,67.93333333,68.66666667,68.6,68.83333333,70.43333333,74.2,71.6,76.06666667,70.93333333,70.9,69.9,73.73333333,73.73333333,77.76666667,70.66666667,68.7,70.2,69.43333333,66.93333333,68.33333333,70.23333333,68.83333333,71.8,70.73333333,70.73333333,74.63333333,78.3,72.3,72.03333333,102.7333333,74.56666667
Lrrc4b,85.5,113.3,90.5,86.2,82,86.8,82.7,111.2,76.8,81.8,84.6,85.9,86.9,89.4,83.6,81.1,88.4,85.7,86.6,86.3,84.7,89.5,88.2,90.6,88.4,109.4,86.7,87.7,90.4,70.9,86.9,88.2,89.5,87.5,87,86.6,86.1,87.9,86.5,88.8,88.4,87.8,74.1,98.5,94.3,89.5,93.4,91.3
Map6d1,85.6,85.65,84.75,87.5,84.3,87.15,80.8,90.45,84.65,84.55,84.9,87.45,89.25,87.15,85.6,90.15,89.45,88.35,87.6,86.85,88,90.2,100.1,92.85,89.75,90.5,88.55,89.4,91.05,94.4,87.9,91.45,87.55,88.75,89,87,85.95,89.65,88.55,92.75,90.35,90.35,92.2,104.35,93.7,97.2,97.75,105.5
Mapk8ip2,80.64,80.1,79.98,80.88,79.8,80.88,79.66,81.96,77.52,77.68,80.62,79.72,81.88,81.86,79.44,82.1,82.28,80.5,79.78,79.42,79.8,83.08,82.1,83.42,82.44,84.6,85.28,81.84,83.58,83.86,81.2,82.7,80.94,82.28,81.04,79.68,80.24,81.94,84.18,83.1,82.38,82.24,83.72,85.02,94.86,83.5,85.3,92.88
Marc2,95114.4,96813.9,99215.3,94099.3,91972.2,86902,81951.3,78356.6,94420.4,93670.1,83340.3,85461.1,83932.4,81908.1,91055.4,85470.8,92806.8,94368.4,95738.6,88309.6,91907.3,88753,89073.8,90045.9,94130.5,101695.8,98031,86100.6,85661.2,81146.1,85522,80811.4,81264.5,91409.9,84181.8,93145.2,94613,85555.2,90841.9,92482.4,91619.6,94164.2,107268.6,97372,99997.7,88845.3,93983.5,94400.2
March11,71.9,74.4,74.3,85.9,72,74.7,73.5,101.9,71.6,72.7,76.8,75.1,76.2,75.4,73.3,76.7,93.3,74.4,74.6,74.7,75,76.1,87.1,79.6,77.3,77.4,75.3,76.4,80.1,80.1,75.5,77.6,74.4,77.2,74.9,74.1,73.7,78.9,76.3,79,76.8,78.3,79,80.8,77.9,80.7,83.2,85.2
Mb21d1,62.9,64.5,64.05,64.5,62.65,63.75,64.1,65.55,62.05,60.35,64,63.6,64.85,64.45,63.2,65.9,65.15,64.3,64.25,64.3,64,67.75,65.45,67.6,73.8,64.4,65,65.35,65.35,66.75,64.85,66.25,78.35,65.15,64.7,64.05,63.25,64.7,64.4,65.2,65.35,65.35,68.9,68.35,65.65,68.6,67.55,68.1
Mertk,2417.4,2002.2,1879.2,1819,2307.9,2119.4,2408,1509.5,2785.6,3087.9,2580.5,1626.2,1536.8,2718,2889.5,3228.6,1957.8,2501.1,2783.2,3091.5,2350,2210.3,1877.9,1704,2175.2,1676.8,1852,1952,2058.5,2230.1,1755.7,2066.3,1996.2,2032.6,1638.9,2392.6,2053.6,2342.1,2198.5,3164.3,2492.6,3207.5,3158.9,1233.1,1657.2,2040.2,1544,1448.3
Met,8283.3,9339.55,9177.15,9259.35,8765.8,8554.85,8661.5,6783.15,9560.9,9943.55,9103.5,8868,10125.4,9519.5,11925.65,11821.55,10609.8,10908.4,11177.75,9677.85,8413.55,7621.85,8148.95,8084.1,7068.9,8129.95,8638.75,8939.35,8678.45,7693.4,7082.6,8170.25,7442.2,8050.15,9367.55,11103.1,10473.4,10027.1,11302.9,11128.1,10850.95,11298.75,10457.85,6238.5,5145.2,5776.5,5586,6899.6
Mob3a,79.1,79.2,79.6,79.9,77.9,79.5,78.7,80.5,106.3,78.5,79.3,78.5,78.8,79.7,77,80.9,80.1,79.9,79.3,79.9,79.9,80.3,100.9,81.1,80.4,99.5,79.9,80.4,80.9,81.7,78.7,80.3,79.6,80.5,79.6,79.4,83.7,80.6,79.5,80.8,80.7,80.7,81,81.5,81.9,81,81.9,82.4
Mpnd,13499.8,14032.5,14501.1,12484.5,14303.2,13849,12084.6,12444.4,13326.7,13942.4,11305.6,12490.3,11703.7,14014.7,12999.2,10911.4,11275,12590.6,12551.4,12300,11717.1,11533.2,13399.2,13023,13085.2,14773.7,12625,14117.2,11221.8,12411.1,11084.1,12443.6,11755.1,12564.7,12439.2,12901,12383.1,11203.7,11064.9,12147.3,10414.8,11292.7,12353,11200.9,13742.5,10626.4,10757.4,11280.5
Mrpl9,6168.9,7202.633333,6654.133333,6399.833333,6121.266667,6044.533333,6030.9,6233.833333,5703.4,6229.866667,6266.2,7037.3,6958.366667,5634.9,6631.166667,6226.566667,7295.4,6552.133333,6053,6672.433333,6188.3,6376.733333,5656.533333,5392.9,7081.133333,6569.433333,7308.233333,6632.266667,6808.1,6575.333333,6751.8,6914.7,7136.333333,7488.533333,6713.333333,7017.7,7510.333333,7737.6,7160.966667,6646.566667,7138.5,6867.8,7285.233333,7617.166667,6400.866667,5744.166667,5933.566667,5879.866667
Ms4a7,90.85,90.95,90.5,111.8,83.9,90.95,87.2,92.3,86.85,79.35,90.25,90.6,90.95,90.8,89.45,92.75,91.85,90.6,90.05,92.6,91.1,93.1,92.65,93.95,92.1,93.5,103.95,103.25,95.05,110.6,94.15,92.65,91,92.55,101.4,89.6,90.05,92.35,91.05,92.75,92.8,92.5,95.2,95.95,117.3,98.7,98.55,96.4
Mug1,205679.4,191312.8,203643.4,210245.4,211725.6,233360.6,219972.3,206396.1,215438.9,207484.1,212720.9,223853.5,230569.1,212335.4,215127.5,225806.4,211661.5,217600.5,225580.7,203497.3,213852.5,193781,204849.2,227689.4,204165.4,226551.5,220774.9,235213.4,224776.4,213805.5,231984.2,223653.7,244197.4,208398.9,211296.9,219971.5,221576.4,242952,223367,226761,213448.9,244827.3,227969.7,132206.4,150883.3,199853.9,202090.8,221083.2
Mybpc3,50.4,53.3,53,53.4,50.6,53.3,52.4,54.1,50.8,51.6,51.9,53.1,53.9,53.4,52.6,54.2,53.6,52.5,52.9,53.6,53.6,54,54.4,55.1,54,54,53.5,53.9,54.4,64.4,53.4,54.2,53.1,53.9,53.4,52.7,52.4,54,53.4,54.7,54.2,54,55.6,55.7,55,76,55.6,58.4
Myc,476,863.2,698.5,858.1,928.9,741.6,399,314.5,729.8,348,479,359.4,491.7,523,1186.6,488.8,872.9,562.7,313.9,486.2,865.3,365.4,464.8,906.4,1433.8,1475.2,482.8,1388.8,342.3,275.2,205.1,400.9,379.3,447,394.8,308.6,643.7,174.5,573.2,851.8,331.5,1121.8,1142.7,334.4,144.5,215.9,531.6,313.4
Myl10,82,82.4,82.5,83.3,80.4,83.1,89.4,85.1,79.9,74.2,82.7,84.3,84.4,83.9,81.6,84.5,85,82.7,83.3,83.7,83.5,85.2,85.2,86.4,84.3,84.9,83.9,84.6,88.4,86.5,83.9,85.2,83.6,84.8,83.8,82.9,84.1,83.9,83.7,86,85.4,84.4,86.3,87.8,87.2,87.7,88,193.7
Naaladl1,81,82.7,89.4,90.9,88.2,89.9,88.3,91.4,87.9,87.9,86.9,89.2,90.9,90,91.5,155.4,90.7,89.7,89.7,90.5,100.3,91.2,90.8,91.9,91,91.5,106,91.3,93.4,95.4,101.2,91.4,91.2,90.9,90.4,83.9,98.5,91.3,89.8,91.9,91.6,91.3,91.7,104.7,95.7,94.8,138.9,116.7
Neil3,69.2,68.95,74.75,68.85,67.2,68.8,74.4,70.7,66.85,68.8,68.45,72.2,70.3,69.7,67.9,71.05,71.15,67.6,74.45,69.45,70.7,70.95,71.25,72.3,70.45,78.3,79.3,72.6,75.3,75.85,75.55,71.1,69.3,71.4,69.8,69,68.35,70.55,69.75,71.7,70.7,71.15,89.05,81.95,73.6,77.65,74,75.7
Nkpd1,42.3,42.7,42.5,42.8,41.8,42.8,42.1,43.3,41.5,41.7,42.5,42.6,43,42.7,42.2,43.5,43.1,42.7,42.6,42.8,42.9,43.9,43.5,43.7,43.5,43.4,42.9,43.3,43.6,43.8,43,43.3,43,43.1,42.8,42.7,42.4,43.3,42.9,43.5,43.4,43.3,43.6,44.1,44,43.9,44.2,44.6
Nod1,481.3,485.6,459.5,355.6,520.2,554.5,622.3,429.7,621.4,596.9,424.5,431.8,468.2,432.5,491.2,431.6,427,425.7,432,426.8,426.1,454,437.3,432.6,434.4,430.2,347.3,433.8,289.2,384.5,427.2,431,428.5,556,474.3,417.5,481.2,434.1,429.1,408,354.4,437.4,380.6,215.9,299.1,288.5,321.1,280.2
Nphp1,115.6666667,110,120.4666667,121.0666667,114.0666667,124.9333333,118.4,126.5666667,116.6666667,124.2,120,132,122.4333333,119.4333333,123.8,127.1,142.7,124.5,123.4,125.8,123.4333333,122.9,132.8666667,120.0666667,121.7,150.3666667,121.2,110.7,127.4333333,138.1,129.1666667,111.3,125.6333333,157.5333333,126.5666667,129.8333333,130.2666667,122.9,148.9666667,138.8,143.0333333,167.8,144.4,170.5666667,135.4,144.5666667,137.2333333,140.8666667
Npvf,89.7,87.3,88.7,90.4,86.3,89.3,88.4,91.3,81.4,83.6,88.5,88.9,92.8,87.2,88.9,91.9,90.1,88.6,85.5,89.5,89.6,91.1,91.7,110.5,91.2,91.4,89.4,91.2,92.3,92.8,90.1,92.8,90.3,92.9,90,89.1,89.6,91.3,89.7,94.3,93.1,91.4,91.8,93.5,106.5,92.3,92.8,100
Nup155,1004.8,868.2333333,1016.266667,927.5,1221.266667,977.3666667,1166.166667,890.5666667,1091.4,861.9333333,1068.233333,881.6333333,885.2,1121.1,1015.633333,953.8666667,874.0333333,1326.5,962.2666667,1040.566667,1046.366667,993.6,866.1666667,876.5,814.5,1056.233333,1112.033333,918.4,887.5333333,968.7666667,945.3,902.5666667,1124.866667,815.2666667,1140.533333,922.3333333,949.1666667,977,932.6,941.3666667,1014.166667,995.3333333,992.6666667,876.4,654.5,886.7333333,854.3333333,863.3
Olfm1,98.5,117.3,106.6333333,101.1333333,93.3,117.9333333,98.5,106.6333333,94.46666667,97.7,94,105.4333333,117.6666667,106.9333333,103,115.8,121.1666667,102.2666667,103.9,103.6666667,101.8,108.5333333,107.5333333,111.2666667,107.9333333,114.3,105.5666667,102.2,114.5666667,121.9666667,101.9666667,109.7,145.0333333,103.2333333,111.3,100.4333333,118.2,112.6,103.8666667,113.8666667,109.4,107.6,108.5,129.3333333,114.7666667,116.9,116.5666667,120.9666667
Olfm4,77.4,75,77.8,78.2,75.1,78,76.4,79.5,74.7,76.1,76,77.7,79,78.1,77.7,80.1,80.7,77.5,78.3,78.5,78.6,79.9,79.8,81.1,79.4,79.6,78.5,77.7,82.6,83.9,78.4,79.7,77.2,81,78.6,77.6,77.5,79.5,88.9,80.9,79.9,79.4,82.9,87.2,83.1,81.3,85.7,87.1
Onecut3,58.2,58.9,58.8,59.3,57.7,58.9,56.9,60.5,57,57.7,58.8,59,60,59.4,58.6,60.9,81.8,59.2,58.4,59.4,59.4,60.4,61.1,62,64.8,60.7,59.8,60.4,61,61.5,59.7,60.5,59.3,60.2,59.6,58.9,58,60.1,59.4,61.4,60.6,60.6,61.4,62.4,61.9,61.7,63,62.8
Oxnad1,7100.5,6737.9,6421.95,7226.8,6190.4,6779.2,8039.7,8138.45,6371.25,5612.4,6259.4,6954.95,6482.9,5779.25,5206.2,6197.45,6422.35,6173.65,6329.05,6338.65,6903.05,7841.55,8314.4,7845.9,7739.55,8340.55,9023.65,8485.5,8527.65,8951.9,8579.1,8696.4,6944.55,7768.5,7161.85,5731.6,6014.45,6696.25,6277.45,6905.95,7031.15,6771.75,7853.05,8354.9,7715.5,9484.45,9022.1,9067.9
Pabpc5,78.7,80.9,79.8,81.3,75.2,79.6,78.1,83.6,76.1,76.6,79.9,81,83.4,80.9,77.3,84.2,84.7,82.3,81.5,82,81.7,85.1,84.8,86.7,83.7,85.2,82.5,83.2,87.6,90.1,82.7,84.7,80.5,84.6,83,80.3,79.2,83.5,81.5,85.9,84.7,84.3,87.9,98.5,90.5,88,91.4,94
Palb2,64.2,64.2,64.2,63.1,82,61.8,62.9,64.4,59.1,61.5,65.8,63.9,64.5,63.2,63,65.2,63.8,63.6,64.2,64.1,66,64.7,65.1,68.4,64.5,64.2,63.7,69.9,78.5,65.5,63.8,64.9,72.6,68.7,63.8,91.5,63.4,64.7,63.3,65.2,65,64.8,90.3,66.6,65.8,65.8,66.8,67.8
Per3,167.4166667,112.5166667,109.5333333,118.6,109.2166667,101.8666667,92.61666667,104.4833333,86.41666667,118.3166667,118.6333333,111.6,131.8166667,657.3,488.85,968.3833333,282.3666667,200.35,218.3,246.8666667,231.75,195.8333333,161.5,143.6166667,120.8333333,139.9333333,112.0166667,112.2333333,116.4,119.6166667,105.7666667,110.4166667,111.0166667,94.76666667,110.65,209.3666667,172.6833333,151.5666667,363.2833333,314.6166667,400.7,319.1333333,258.75,137.7166667,134.8666667,161.7333333,173.2166667,147.2833333
Phip,548.3333333,605.4444444,621.3333333,561.2888889,582.9111111,602.3444444,574.3,494.4333333,645.7111111,758.5777778,577.7222222,467.5333333,507.1666667,619.2555556,621.3888889,555.4333333,611.2444444,431.7666667,473.0222222,443.2777778,485.8333333,438.0555556,427.7555556,443.8444444,464.8888889,438.0888889,513.5111111,500.7777778,611.7666667,506.2555556,551.8666667,522.0222222,496.2333333,450.5111111,509.8222222,568.8888889,567.5777778,564.0444444,499.4222222,522.0555556,505.8222222,536.2222222,572.6111111,589.8777778,558.8888889,621.1555556,617.8888889,534.8888889
Phlpp1,3114.1,3306.2,3352.4,3449.4,3729.2,4248.2,3627.9,3562.3,4405.1,4577.9,3104.2,3742,4536,4101.5,4301.8,3955.5,4138.2,3489.9,3197.5,3182.1,2849,2528.7,2939.5,3474.1,3502.7,3388.7,2812,3710.9,2431.2,3095.5,3297.4,3201.5,3555.5,4036.8,4249.8,4984.5,5158.6,4559.1,4115.4,3768.1,3682.1,3954.3,2545.6,542.6,711.1,979.9,1411.3,1297.8
Pigx,4033.45,4270.45,4564.9,4770.65,4197.55,3952.4,3571.15,3875.85,3486.3,3129.65,4539.6,4570.05,4767.85,3075.2,4100.75,3416.95,5035.4,5461.8,5550.05,4866.4,6207.95,4343.45,4025.4,4459.5,4196.95,3963.55,4701.65,4005.3,4855.8,3768.15,3637.35,3591.05,4006.5,4575,3958.85,4062.65,4357.1,4383.4,4432.5,4260.05,4157.9,3896.4,5656.95,7111.1,5242.65,4366.3,4770.6,4305.7
Pir,6098.7,7084,6926.2,7163.3,6017,6069.8,4792.1,5987.9,4411.4,7305.4,7107.6,7977.4,7480.8,7356.4,6868.7,7120.2,8336,8331.3,8605.8,8806.2,7817.7,7509.6,5777.7,5378.7,6636.1,6413.1,6481.1,6785.7,6875.6,6453.8,7112.2,6299,6721.3,8137.8,8680.6,6601.8,7573.1,8614.4,8299.1,7658.8,8733.5,8350.3,8309.4,9823,9626.6,6010.3,7955.8,5328.1
Plekhs1,71.3,72.4,75.6,72.1,69.7,73.7,72.2,75.6,68.2,56.6,63.6,79.4,75.6,72.4,70.3,80.8,76.2,72.6,73.6,73,114.3,75.7,74.7,76.6,83.2,82.3,97.6,73.8,84.1,78.9,74.6,76.6,73.4,75.3,73,71.6,73.4,75.5,72.7,77.2,76.2,75.7,75.9,77.4,126.1,91.8,89.4,78.5
Plvap,4902.4,4616.5,4212,4036,4752,4578.9,3529.5,4239.5,4703,4503.6,3310.6,4537.9,4359.5,4505.8,3638,4143.1,5356.5,4917.9,4446,4441.7,3667.4,4218.4,4223.8,4157.6,4941.1,5211.1,3190.6,4388.8,2086.1,3790,3169.1,3883.5,4359.5,4588.1,4723.6,4146,4825,4338.2,4384.8,3706.8,3682.2,4350,3156.5,1594,1694.1,1953.2,1858.2,1554.4
Plxnb3,924.35,768.6,794.1,843.7,782.45,810.75,777.8,901.8,786.9,782.05,771.35,794,728.35,813.9,786.8,935.85,807.45,588.7,775.3,693.2,814.9,825.45,834.1,846.75,903.55,831.3,881.95,830.5,906.65,845.85,818.15,829,814.5,658.4,809.2,798.4,804.15,836.95,816.5,979.7,831.15,826.95,922.65,858.95,909.55,848.7,883.85,979.25
Pmf1,159.55,129.45,114.85,116.55,137.05,115.55,115.1,116.65,125.95,114.45,120.85,114.35,116.3,119.4,110.05,115.4,125.9,138.05,113.75,115.1,113.25,116.2,115.25,111.6,115.95,116.05,115.5,118.45,126,129.6,114.4,114.65,115.15,115.65,129.8,118.6,113.15,115.65,114,111.55,115.75,115.9,115.25,117.85,115.3,116.35,116.05,117
Prpf8,14402.1,11979.5,12120.4,13088.4,17269.4,15412.6,13063,11094.7,13535.6,15084,10571.2,11132.2,13656.9,13952.7,13599.3,13997.6,11792.6,13382.6,15396.1,11853.4,11969.5,10713.1,12229.3,13448,11476.2,11971.9,10509.6,13149.1,8648.8,11268,11884.3,10647.9,12198.4,10579,13009.4,14720.8,13868.5,11573,12680.5,12372,11981.7,13526.7,10515.4,2766.6,3749.9,5089.1,4457.7,5754.2
Psmc5,17746.1,18718,18873.6,18125.7,18836.5,17210.9,16639.7,14924.9,17925.8,21553.4,17276.2,19111.9,17067.8,17405.2,15333,15788,15909.5,16002,16919.3,15150.8,15494.8,16386.2,17123.6,16177.9,19387.2,19962.4,18313,17282.1,16274.1,17041.7,14860,14779.4,16610,19791.9,17239.5,18388.1,20665.2,19840.1,16341.3,16500.9,15343.1,17237.5,14091.1,13966.6,13523.5,13367.9,16139.1,17609.8
Psmg3,2619.55,2230.35,2099.55,1983.75,2009.8,1809.25,2109.2,1991.75,1961.8,1983.05,2089.45,1996.25,1939.95,2031.65,1661.55,1610.3,2338.15,1905.95,2040.75,1993.25,1991,1972.2,2110.2,2041.4,2311.85,2011.1,2354.1,1887.15,1951.6,1740.9,2109.1,1902.15,2321.55,2172.4,2010.75,2121.25,1809.9,1844.75,1802.55,1755.25,1819.85,2207.75,1892.55,1525.8,1805.85,1630.35,1641.95,1659.2
Pspc1,309.5,267.15,223.1,288.15,252.05,297.55,343.6,366.6,327.1,386.5,335.95,333.15,411.1,332.65,306.8,432,335.15,512.3,345.5,327.15,326.85,279.7,334.5,207.65,334,258.15,332.65,321.5,322.85,244.65,244.45,368.95,437.7,471.05,600.75,361,358.5,454.45,314.3,321.3,455.95,386.35,257.95,222.55,324.8,296.65,205.9,260.8
Ptgs2,71.4,73.15,72.1,72.85,69.05,73.15,71.5,75.8,69.1,69.8,73.05,73.65,75.15,73.85,75.35,76.7,79.65,73.3,73.3,83.25,74.2,76.2,76.6,78.4,75.9,77.2,74.5,75.25,77.95,81.2,74.75,76.3,73.05,76.3,76.55,73.4,73.25,75.5,73.6,77.3,76.45,76.85,79.25,84.65,79.9,79.1,81.7,84.05
Ptprn,50.1,51,50.9,51.4,49.9,51.4,50.8,51.8,50.2,50.3,50.8,51,51.4,51.2,50.7,51.9,51.4,51.2,50.9,51.1,51.3,51.7,51.8,52.1,51.6,51.9,58.1,51.8,52.1,52.4,51.4,51.9,51.6,51.6,51.3,50.5,50.9,51.7,51.3,51.9,52,51.9,52.2,53.1,52.4,53.8,53.2,53.8
Pxdn,474.4,517,470,534.6,744,808.1,787.8,571.2,731.6,603.5,510.9,599.1,516.1,558.5,458.9,335.3,387.7,269.3,311.4,335,236.1,393.3,307.6,358.6,463.5,535.4,404.9,468.8,358,476.9,381.2,421.2,477.5,561.8,548.9,671.7,537.8,483.4,475.7,405.9,323.9,461.7,310.4,193,194.2,226.4,260.5,225.5
Pxmp4,7905.95,7301.65,7152.95,8504.9,9418,9687.05,10909.85,6725.05,9773.65,9447.45,6137.2,5049.75,4971.55,5059.5,4136.3,3240.1,3535.55,3982.75,3810.85,4144.45,4448.2,4267.6,4997.95,5759.8,6656.7,6889.4,8867.85,7758.85,8598.35,8734.35,7099.95,7586.6,7595.6,7335.75,6098.3,4286.4,4993.55,5537.15,3753.95,3447.75,3345.2,4035.25,4176.45,2037.05,2627.1,3128.5,3123.25,4278.65
Rab1b,4588.6,4163.4,4045.6,4075.3,4021.2,3828,3385.5,3371.1,3429.8,3535.4,3013.6,4389.7,4530.8,3993.9,3894.4,3585.5,4512,4683.1,4692.4,4704.6,3960.7,4904.6,4699.5,4425.6,4226,4109.7,4058.7,4434.3,3015.1,3583.6,3800.9,3283.7,3767.7,3790.4,3933.2,3840.8,4049.2,3653.6,3849.3,3408.1,4171,3681.6,3885.2,4477.3,4648.1,4135.7,3756.6,3526.8
Rab40b,60.05,61.45,61.65,61.8,59,61.75,59.55,63,59.05,60.75,60.5,61.55,62.4,62.05,60.35,63.35,63.3,61.45,61.45,61.85,62.1,63.3,63.6,64.65,63.7,63.5,62.05,62.7,64.85,65.4,62.1,63.15,62.35,63.75,62.15,61.1,60.55,62.7,61.85,63.8,63.1,63.25,64.35,66.3,64.55,65.2,65.95,69.3
Rbx1,56.5,55.5,56.5,57.2,53.3,63.3,56.3,57.7,55.5,56.2,56.4,56.5,57.5,57.2,62.9,58.4,57.4,56.7,56.4,56.3,57.1,57.3,57.8,58.6,57.6,57.8,55.9,57.7,58.4,58.9,57.1,57.7,57.2,57.7,57.2,56.6,56.4,57.5,57,57.9,63.2,57.6,79.5,58.9,58.4,58.4,58.7,60
Ret,68.85,68.95,69,69.9,72.35,69.6,68.5,74,66.2,69.2,69.05,70.9,70.4,69.35,68.7,71.5,70.7,68.95,73.75,70.05,70.2,71.35,71.95,72.6,95.7,83.6,69.5,70.55,72.6,72.7,71.45,71.45,69.7,71,70.05,69.05,67.5,87.6,70.05,72,71.65,84.5,73.3,73.85,106.7,73.25,75.7,76.95
Rida,202445.8,193453.5,210831.8,211306.5,196849.3,211347.7,199942.4,216450.2,191054.1,208937,217492.6,215629.5,209122.5,203224.8,192534.7,219554.9,185108.6,183327.8,187949.7,187018,202970.8,214825.7,213953.5,201203.4,213268.2,203057.3,229864.6,207138.7,219697.8,217733.6,223162.9,215724.8,207324.3,208325.5,189895.8,206310.9,206893.6,226099.6,215962.9,206899.6,218755.3,194683.6,224176.8,254930,249271.6,219640.6,241337.7,239854.1
Rnf170,1658.333333,1656.733333,1680.433333,1522.833333,1446.7,1625.966667,1711.033333,1225.4,1789.066667,2212,1969.633333,1378.766667,1509.6,1860,1916.1,1881.066667,1602.266667,1629.933333,1605.233333,1836.333333,1841.1,1689.166667,1709.8,1513.7,1667.2,1525.4,1767.933333,1587.566667,1529.833333,1399.3,1467.1,1474.666667,1620.833333,1712.1,1576.8,1909.033333,1685.6,1791.933333,1434.8,1785.333333,2001,2092.866667,2469.2,2084.3,1808.9,1962.666667,1820,1775.9
Rttn,59.86666667,60.2,60.36666667,60.7,58.5,62.2,59.2,61.63333333,58.2,59.26666667,60.6,60.23333333,61.16666667,61.26666667,59.63333333,62.1,61.36666667,60.1,60.2,60.5,60.43333333,63.26666667,62.13333333,62.56666667,61.4,61.76666667,61.13333333,61.56666667,62.73333333,62.8,64.76666667,61.86666667,61.23333333,61.5,61.06666667,60.13333333,60,61.7,60.7,62.66666667,61.83333333,61.93333333,62.66666667,65.7,63.33333333,63.43333333,64.3,66
Safb,1295.575,1054.9,1098.025,913.05,1206.1,1266.8,1107.525,1156.275,1224.95,1269,1011.05,957.05,915.2,1191.85,1125.975,1049.625,863.45,1012.7,949.8,892.8,1070.925,860.75,1073.3,1055.8,857.875,742.4,802.7,725.8,836.675,913.55,887.2,900.45,758.55,688.525,950.3,1080.05,763.775,714.55,978.2,916.575,782.425,930.2,802.875,508.2,537.175,561.375,651.25,703.525
Scaper,318.75,428.45,325.55,367.85,272.5,316.95,271.95,268.65,369.3,520.45,520.4,421.05,371.3,308.7,274.65,387.9,268.5,252.85,222.8,217,154.95,245.45,161.65,93.55,275.1,190.4,333.05,262.2,275.15,269.55,225.75,264.3,380.3,268.7,276.45,327.2,319.8,353.5,330.8,269.65,259.4,306.8,242.8,255.5,226.75,210.2,214,188.5
Scel,78.45,79.1,82.2,82.05,80.7,80.3,80.6,83.95,79,81.1,78.95,82,83.35,79.7,80.85,84.2,84.2,81.85,109.05,82.75,80.75,83.95,84.6,86.3,83.75,85.05,81.9,83.65,88,88.4,82.85,84.6,83.2,85.35,83.1,89.1,82,84,82.6,85.7,85.8,84.2,88.9,93.65,86.25,95.55,92.75,96
Scgb1b27,81.2,88.4,86.2,87,87,89.8,89.1,91.9,86.1,87.7,86.4,89.6,90.9,89.2,86.8,91.9,90.6,87.9,88.8,88.9,88.9,91.4,91.4,92.4,92.3,91.5,89.8,90.7,92.2,94.2,90,91.5,90.3,91,90,90,88.6,91.3,89.6,91.6,91.6,91.4,92,101.9,98.1,95.1,100.7,95.3
Sdccag8,288.5666667,298.4666667,329.4333333,308.6666667,263.3666667,291.9,273.2666667,299.5333333,333.7,379.2333333,290.6666667,299.7,319.9333333,290.5,303.8,305.8666667,343.1666667,294.7666667,328.9333333,296.9333333,309.6666667,315.3333333,319.3666667,301.7,322.2333333,334.7,298.7333333,316.9333333,345.3,276.0666667,320.3666667,325.4666667,299.4,342.2666667,298.6666667,323.4333333,261.5666667,308.2333333,298.3,313.5,304.3,309.4,322.7666667,293.4,324.7333333,324.6,342.5,336.2666667
Sel1l2,69.8,69.2,69.6,70.15,67.95,70.55,69.45,71.55,68,68.4,69.45,69.55,71.1,69.9,68.1,71.85,71.65,70.2,69.7,70.35,70.2,71.3,73.35,72.25,71.2,73.2,70.4,72.1,72.8,72.9,74.15,71.55,70.6,71.2,70.55,70.4,69.35,71.25,70.8,71.8,71.85,71.55,85.7,75.05,75.1,73.45,74.35,73.8
Sema7a,60.95,61.5,61.45,61.65,59.4,61.75,59.9,61.65,60.4,79.45,60.45,60.8,62.05,61.2,63.55,61.95,62.15,61.15,61.35,61.8,61.75,62.65,62.7,63.5,62.25,62.6,61.6,62.35,63.25,63.5,61.75,62.4,62,61.85,61.8,61.6,61.1,69.8,61.55,62.9,62.55,62.55,63.05,63.95,64.25,72.55,63.85,72.4
Sepsecs,4255.95,3680.55,3706.15,3905.8,4694.55,4107.9,3856.15,2786.95,4429.15,4911.2,3837.1,3348.65,3356.35,4263.65,4276.1,4348.35,3682.7,4214.8,4568.3,3593.5,3923.5,3843.45,3826.7,3941.85,3398.1,3230.2,3935.9,3569.1,3151.2,2576.6,2926.25,2808.25,3019.4,3350.15,3232.25,3814.5,3748.45,3188.65,3591.15,3856.9,3948.25,3840.6,4185.6,2850.3,3490.2,2677.25,3054.2,3011.8
Serac1,222.8,285,215.3,209.7,216.3,296.6,226.6,183.6,251.45,209.8,232.1,124.1,187.65,214.1,194.15,208.6,153.25,193.75,274.05,180.55,180.4,204.25,175.75,185.85,230.7,182.65,204.9,182.25,176.1,181.55,194.95,145.1,181.75,182.95,162.35,185.35,178.1,182.6,195.05,162.8,178.15,195.45,173.05,126.8,153.55,141.45,145.9,165.4
Set,12257.23333,12536.26667,12902.83333,12477.06667,12289.93333,12951.7,12407.03333,12841.6,12847.86667,13386.2,12007.63333,12882.46667,12239.3,11834.9,11721.53333,11345.7,11402.66667,12283.53333,11157.26667,11674.76667,11857.36667,12275.66667,12392.43333,11611.6,12264.76667,12786.33333,12371.8,13354.06667,10119.06667,11203.33333,11550.96667,11233.86667,12813.83333,12689.83333,12036.23333,12762.66667,12353.1,12331.53333,11665.56667,11904.16667,11290.03333,11529.03333,11576.23333,11695.73333,12467.83333,12200.73333,12336.06667,11695.16667
Shmt2,15221.975,13095.75,14217.075,13935.5,14911.05,13407.375,12306.675,12446.6,13504.75,13491.125,10473.25,13469.3,14847.5,15185.9,13223.525,14206.15,12877.4,13293.525,15026.95,12873.925,12305.55,11712.5,14589.425,14079.6,13630.425,14336.4,11213.45,14204.575,9361.675,11280.175,10989.55,11907.675,12546.575,11595.15,13260.025,13375.45,14284.575,10673.55,12837.65,11731.575,12447.225,12987.15,8592,6080.9,7422.8,6742.25,6999.525,7387.425
Slc10a3,531.7,663.4,578.3,538.1,570.3,583.4,645.2,649.7,478,391.3,576.8,350.4,554.3,541,573.4,419.5,581.1,578.2,778.6,600.4,808.2,742,625,555.2,631.9,751.9,648.9,708.7,501.9,633.3,587,585.5,879.2,707.3,540,559.8,533.4,430,451.3,468.1,585.6,685.5,681.9,741.2,651.2,566.8,704.7,614
Slc12a3,55.35,58.4,55.85,56.4,54.7,56,55.45,57.35,54,54.9,55.8,56.1,56.9,56.2,55.15,57.6,56.85,56.1,55.9,56.2,56.6,57.15,57.5,60.15,57,57.75,56.45,56.95,57.95,58.15,56.4,57.4,56.35,57,56.55,62.8,55.9,57.05,56.35,60.6,57.3,57.25,57.75,60.6,58.9,58.6,58.95,59.35
Slc25a42,1172.05,1097.4,901.55,925.7,1606.9,1196.85,1178.25,632.25,1722.55,2360.75,1408.75,930.1,991.9,2374.05,1646.15,1438.1,864.6,851.3,793.1,821.1,687.35,550.85,808.05,834.9,749.55,978.25,906.25,1049.85,435.7,864.7,697.05,1018.7,824.2,857.5,920.25,1198,1163.3,923.6,968.35,935.7,889,1192.65,872.75,234.3,233.35,393.9,354.95,517.7
Slc30a4,2986,3468.9,3539.2,3250.1,3723.3,3897.7,3943.8,3897.2,3708.2,3614.5,3740.9,3345.2,3563.7,3098,3608.7,3604.2,4302.5,3975.7,3881.1,3825.6,4044,3425.6,3389,3748.4,3679.1,3085.4,3536,2985.6,3961.8,3791.6,3744.8,3504.3,4510,3218.6,3285.9,3468.5,3114.1,3688.1,3179.7,3428.7,3861.1,3357.7,4551.9,6713.8,4989.9,4392.9,4657.7,4440.4
Slc35g3,54.4,54.7,54.3,54.8,53.7,54.6,54.1,55.8,54.3,53.3,54.4,54.8,55.1,54.8,55,56.2,55.5,54.6,55.1,54.8,54.9,55.8,55.9,56.6,55.5,55.6,55,55.5,56.2,59.6,55.2,55.8,54.9,55.6,54.9,54.5,54.2,55.5,54.9,56.3,55.8,55.3,55.8,57.2,57,124.1,57.6,90.7
Slc39a5,50.9,51.3,51.3,51.5,49.4,51,50.9,52,50,50.7,51.2,51.2,51.7,51.1,50.9,52.1,51.7,51.3,51.3,51.6,51.2,51.8,52.2,52.6,51.9,52,50.9,51.9,52.3,52.9,51.5,52,51.7,51.9,51.4,50.9,56.7,52,51.4,52.2,51.8,52,52.2,52.7,52.7,52.9,53.3,53.6
Slc40a1,25190.65,26450.85,27237.75,26221.55,27344.25,33122.4,22894.1,22920.55,14692.65,20410.85,24505.3,27516.45,34646.8,32953.05,33426.1,25900.8,30346.6,26718.4,26791.05,25136.05,30541.55,24727.2,22269.25,22994.45,21382.15,20980.5,24335.65,26566.8,29420.4,33137.4,25618.3,22790,20852.9,21282.75,25582.4,35672,34130.4,32224.45,32203.2,32339.3,22517,26953.65,26999.25,23344.05,23280.5,19771.05,21173.45,21270.3
Slc43a2,264.9666667,257.3666667,280.9,294.1666667,327.1333333,271.7333333,262.3,302.8333333,339.5333333,277.5666667,261.9,268.8666667,254.3666667,299.3333333,327.9666667,284.6333333,278.9666667,240.8,272.4333333,274.8,276.0666667,275.3666667,295.2,325.6,264.5,269.6666667,277.7666667,289.1333333,198.7666667,280.6,271,278.9666667,269.9333333,274.8333333,192.5,272.2333333,276.9333333,294.2,288.0666667,286.3333333,291.0666667,284.6,268.9,243.6666667,277.3,265.3666667,269.4333333,273
Slc7a15,52.5,53.1,52.9,53.4,51.4,53.3,52,54.3,51.3,51.9,53.1,53,54,53.3,52.4,54.7,54,52.8,53,53.4,53.5,54.3,54.4,55.1,54,54.3,53.5,54.1,55,55.1,53.5,54.4,53.5,54.1,53.5,53.1,52.8,54.1,53.5,54.9,54.5,54.3,54.9,55.9,55.9,55.3,56,56.7
Smc4,884.9666667,1383.033333,1259.366667,1200.2,1224.466667,1442.933333,1407.166667,1279.533333,1399.166667,1478.666667,1626.3,1646.666667,1451.233333,1706.333333,1535.733333,1417.2,1577.633333,1421,1292.733333,1420.866667,1072.133333,1301.833333,955,981.6,1256.433333,1279.433333,1504.2,1391.166667,1852.933333,1501,1291.433333,1366.433333,1628.3,1521.2,1542.666667,1695.666667,1662.666667,1670.666667,1568.333333,1531.466667,1414.6,1521.9,1836.766667,1973.533333,1183.9,1525,1431.266667,1135.9
Smtn,48.9,49,48.9,49.3,48.3,49.1,48.7,49.7,48.2,48.5,48.9,48.9,49.5,49.2,48.7,49.9,49.3,49,49.1,49.3,49.2,49.6,49.9,50.8,49.6,49.6,49.4,49.7,50,50,49.3,49.7,49.3,49.6,49.2,49.1,48.8,49.6,49.1,49.8,49.8,49.8,49.9,50.3,50.3,50.1,50.5,50.6
Smyd3,123.85,125.25,128,128.05,121.75,125.9,122.55,129.5,120.85,123,125.6,127.35,129.4,128.15,126.55,129.9,128.65,129.2,127.6,124.85,127.15,138.45,129.9,131,128.85,128.6,130.05,133,131.4,132.5,124.6,129.25,126.05,129,128.05,125.05,127.05,129.25,136.6,130.3,129.75,129.5,132.35,134.65,133.5,137.05,137,136.35
Snhg17,62.1,61.2,63.5,62.3,77.4,61.3,60.5,62.5,60.9,61.6,62,61.6,62.4,66.8,61.9,65,62.1,62.3,60.8,60.9,66.6,62.4,62.9,63,49,64.7,51.6,62.3,49.8,64.3,62.4,62.5,62.5,74.5,61.7,85.4,58.8,62.5,61.4,62.9,62.6,63.4,62.8,62.7,62.7,65.2,63.1,62.7
Sostdc1,69.3,69.75,69.55,68.7,67.3,69.75,68.95,71.95,67.2,68.25,69.55,69.8,71.4,70.6,69.05,71.95,71.25,70,65.15,70.95,70.65,71.8,72.1,73,71.35,71.9,71.05,82.45,73.45,73.15,70.95,80.8,70.15,72,85.15,70.55,69.15,71.8,71,72.35,72.35,72,73.6,82.15,75,73.2,76.75,83.45
Stam2,368.3666667,353.35,381.3,430.1,383.6166667,389.5166667,369.6333333,419.9666667,361.0166667,359.1333333,392.0166667,482.6833333,419.1333333,406.5666667,414.9,404.6833333,411.6333333,404.4333333,463.5166667,385.7666667,392.7166667,392.6166667,399.8166667,417.95,376.95,382.3333333,407.6666667,415.1666667,448.0833333,384.3,403.9166667,368.2666667,412.0666667,386.0666667,395.5666667,435.9,425.9166667,447.3166667,436.65,420.25,396.25,400.55,399.2166667,377.55,400.85,459.7333333,455.5333333,448.4833333
Stx8,1656.2,2196.2,2015.266667,1887.5,1827.866667,1777.666667,1717.566667,1626.966667,1895.966667,1985.6,2311.4,2402.7,2044.833333,1977.266667,1811.666667,1824.4,2387.9,2317.7,2267.8,2116.566667,2197.466667,2065.5,1927.5,1646.2,1697.7,1570.233333,1948.6,1445.1,2029.4,1509.7,1477.633333,1456.266667,1739.466667,2135.8,2061,2274.666667,2241.9,2095.333333,2051.733333,2143.366667,2203.033333,1780.733333,2287.666667,2992.2,2469.633333,2013.066667,2305.433333,1919.366667
Stxbp5l,98.56666667,97.06666667,97.66666667,104.2333333,96.73333333,104.8666667,100.9,106.1333333,93.66666667,94.16666667,96.6,108.8,99.5,94.93333333,95.76666667,101.6333333,100.2333333,90.23333333,92.7,93.7,98.73333333,101.4666667,102.7666667,108.6,100.7333333,99.16666667,97.43333333,95.2,111.2666667,108.7,97.83333333,110.6666667,91.96666667,103.5666667,99.5,97.3,100.1666667,100.3,98.53333333,102.2666667,92.23333333,94.93333333,104.4333333,115.2,108.5333333,106.9333333,110.3666667,115.4666667
Surf1,9899.6,11454.6,11716.1,10823.4,9299.6,9395,8736.5,9640.2,7504.3,8788.1,9044.6,10452.4,10243.4,7651.9,9178.4,8100.7,11056.5,11345.9,10642.8,10905.2,11297.4,10397.7,9789.7,9056.1,10530.2,10018.4,9618.3,9714.5,10433.6,9168.8,9308.5,8809.7,9148.9,11646.9,8380.9,10348.6,10866.2,9707.7,10196.7,9869.1,9685.4,9308.5,10892.1,11963.5,11164.6,10538.9,10848.7,9992.8
Syne2,324.375,227.375,234.85,208.225,274.85,236.425,216.875,177.1,279.6,347.9,246.35,198.85,232.75,353.725,335.075,333.75,249,247.325,286.025,216,265.05,202.3,182.825,209.15,170,192.9,168.7,246.25,197.8,191.125,162.9,240,205.575,227.125,230.025,266.5,253.8,211.1,227.325,329.175,219,354.625,205.75,134.35,124.725,144.05,134.1,118.225
Tatdn1,1233.5,1379.28,1319.3,1456.98,1228.34,1306.46,1467.5,1477.66,1304.36,1540.94,1635.9,1706.44,1420.58,1277.32,1118.4,1294.24,1564.26,1403.34,1288.98,1387.32,1302.6,1283.48,1278.08,1165.16,1341.52,1453.3,1599.66,1385.1,1617.1,1386.3,1406.8,1389.52,1488.34,1488.28,1411.78,1505.18,1484.86,1579.16,1360.2,1259.34,1417.82,1346.04,1454.8,2138.82,1787.68,1678.68,1791.12,1668.74
Tceb3,838,862.5666667,863.7666667,868.6666667,1001.233333,906.4666667,962.8666667,715.1333333,939,1058.6,829.7333333,751.1333333,852.9333333,742.3,777.7666667,690.3,717.5666667,698.4333333,828.5666667,717.0666667,729.1333333,780.3,810.7666667,848.2666667,823.7,807.8666667,973.0333333,775.4333333,712.5,770.8,731.1,724.2333333,897.9333333,994.6,822.9666667,895.5666667,730.1333333,789.8666667,760.9333333,709.3,637.9666667,776.6333333,743.5,434.4333333,610.8,655.5,631.3666667,703.4333333
Tcstv3,51.1,51.7,51.3,51.6,49.9,51.6,50.3,52.8,49.9,50.5,51.1,51.5,52.4,51.7,50.7,53.1,52.5,51.4,51.5,51.9,51.9,52.7,52.8,53.5,52.5,52.7,52,52.5,53.2,53.8,52.1,52.9,51.9,52.6,52,51.5,51,52.6,51.8,53.3,52.9,52.9,53.3,54.1,54.1,53.9,54.2,54.9
Tcta,2498.225,2079.5,2143.05,1990.05,2110.275,1848.1,1905.125,1708.675,2110.025,1850.25,1886.125,1699.05,1697.6,1512.125,1406.9,1321.125,1270.75,1447.075,1401.35,1519.25,1558.3,2015.1,1860.175,1952.225,2090.275,2135.225,2212.05,2063.625,1862.3,1656.475,2015.025,1965.475,2242.025,2489.175,1907.7,1581.45,1713.5,2020.55,1372.625,1286.45,1537.2,1788.875,1518,1179.075,1340.525,1411.475,1666.4,1698.6
Ten1,190.3,184.5,206.5,165.3,194.1,135.5,126.4,129,126,126,130.4,71.6,133.9,132.2,128.9,129.4,163.4,141.5,120.7,139.5,127.9,114.5,168.9,152.7,176.7,221.5,133.2,128.8,169.3,137.8,105.6,115.7,127.8,134.7,112.2,71.9,130.4,84,126.4,102.9,135.7,133.3,137.6,130.4,133.9,129,140.8,166.3
Tex30,1957.7,3295.1,2975.1,2895.7,3121.8,2448.3,2256.7,2290.1,2473.2,2409.8,3530.4,4043.7,3071.1,2534,3133.9,2722,3182.2,3549.6,2971.2,3410.9,3077,2486.2,2850.9,3078,2675.3,2582,3232.8,2624.5,3862,3725.5,2457.7,2288.1,2628.7,3219.7,2238.1,3776.1,3238.1,3161.1,3038.8,3368.9,2859.2,2896.5,3971.4,4976.3,2591.5,3263.6,3113.7,2699.9
Tfip11,970.65,1007.3,1128.15,933.55,888,950.8,1039.35,1014.75,982.95,879.5,773.75,1000.1,1094.4,823.5,874.65,856.05,870.05,1115.6,1101.9,950.95,833.65,950.7,1000,1080,978.35,986.25,869.25,958.45,753.95,1014.6,1166,1040.95,1010.55,726.5,984.5,966.7,983.85,818.6,872.75,805.8,899.4,866.45,690.85,719.3,596.2,714.45,588.7,545.35
Tmem101,173.6,185.4,166.6,111.8,143.3,146.5,119.8,177.7,116.6,110.5,103.6,121.9,113.4,99.3,101.1,111.1,112.2,126.2,105.7,128.7,112,114.3,135.6,123.9,184.5,135,160.3,111.3,118.9,120.8,142,112.9,282.8,139.2,151.5,116.5,180.1,115.4,110.9,117.6,113,136.5,113.5,55.9,110.5,114.2,114.8,111.2
Tmem205,131892.2,141630.4,157230,139995.9,150506,134545.1,132186,123119.4,142464.9,151205.7,156185.2,139952.1,131319,132699.8,137442.7,116775.8,129146,133886.7,140564.2,120468.6,124410.3,123009.7,122081,126690.1,125453.8,128462.5,144739.3,123928.8,141976.6,114074.1,131775.9,119363,119359.6,141969.9,139487.7,136684.2,139314.8,129185.8,128080.9,121262.2,129230.3,124049.3,144351.9,189050.4,167083.9,148064,154700.1,152108.7
Tmem225,54.1,54.2,53.8,53.7,52.7,53.4,53.2,55.5,52.5,53,54.2,54.1,54.9,54.6,53.6,55.9,55.2,54.2,54.1,54.7,54.7,55.4,55.7,56.2,60.9,55.6,54.7,54.9,56,56.2,54.7,55.6,54.8,55.3,54.8,54.1,54.2,55.3,54.6,56.1,55.7,55.5,56.3,57.1,57.4,56.6,58.4,57.4
Tnfrsf4,44.1,44.8,46.1,44.6,44.2,45,46.9,45.4,45.8,44.3,44.7,44.8,45.3,44.6,44.4,45.7,45.2,44.9,44.8,44.9,45.1,45.2,45.7,44.1,45.5,45.5,49.1,45.4,51.9,46.2,45.2,49.9,44.8,45.2,43.3,43.2,51.1,45.3,45.1,44.9,45.6,45.5,44.2,46.5,61.6,59.3,46.2,46
Tnfsf10,113.3666667,103.7333333,115.7333333,107.8666667,105.6333333,107.1333333,102.6,124.5666667,98.36666667,83.9,103.5666667,142.7333333,112.9666667,111.1666667,111.1333333,109.2,112.3333333,122.5666667,107.7666667,103.7666667,98.53333333,140.5,110.4333333,139.6333333,116.0333333,109.1,108.1666667,106.6666667,112.5666667,109.9,130.2,109,102.1666667,126.3333333,101.7666667,109.3333333,141.6666667,138.5,108.2,109.8333333,111.6666667,118.6666667,72.6,110.4333333,109.9666667,111.6333333,112.5333333,116.7333333
Toe1,692.1,763.3,652.8,700.55,613.3,539.5,558.05,633.75,482.05,607.6,529.3,605,555.05,533.35,568.45,475.85,569.45,635.65,651.8,679.6,585.8,667.3,509.3,553.45,629,668.15,600.15,621.6,675.1,531.3,632.05,630.3,707.4,708.05,606.55,538.05,586.35,531.35,534.9,560.1,593.75,588.15,602.75,563.6,578.4,552.65,567.05,476.15
Topors,2031.133333,2158,2341.5,2241.1,2274.766667,2118.766667,2152.766667,1912.833333,2258.3,2907.033333,2478.433333,2236,2324.633333,3185.266667,2934.133333,2994.233333,2640.9,2096.366667,2337.966667,2354.033333,1901.433333,1818.066667,1668.233333,1797.633333,2109.533333,1988.166667,2106.1,2111.2,2305.966667,2241.166667,2049.266667,2105.133333,1970.533333,2262.066667,2402.466667,2928.3,2338.6,2485.266667,2438.9,2732.8,2622.266667,2621.066667,2162.5,1983.866667,1391.333333,1857.433333,1838.366667,1814.3
Tppp,1110.9,1158.7,1077.8,1006,1527.8,1434.4,1329.2,1167.1,567.9,780.8,782.6,723.3,886.3,899.9,883.9,1144.2,1258.9,1830.3,1263.3,1669.1,1852.2,1514.5,1585.3,1441.4,1589.5,1483.9,1399,1335.7,782.4,1013,1119.4,1174.8,1113.1,966.2,667.6,850.5,933.6,1125.4,1198.5,1487.4,1502.5,1256.3,1780.7,1053.2,1905.5,2408,1904.2,1614.7
Tra2b,6064.6,6471.62,6103.94,5701.12,6702.5,7890.26,7530.02,8776.22,6003.06,5025.72,5354.9,5714.22,4848.04,4033.64,4000.3,4635.44,4508.7,5161.68,4770.4,6580.32,6660.64,7372.7,7151.58,6677.8,6836.14,5760.9,7056.08,6548.1,6868.34,7881.4,9037.06,7955.14,8771.7,7539.5,5831.56,5089.1,5038.54,5706.84,4539.96,5261.82,4959.4,4732.4,5158.46,7747.64,9058.62,6841.7,6929.02,6976.22
Trim21,567.75,698.3,709.65,559.7,675.9,660.4,814.4,760.9,687.4,488,696.85,762.65,833.75,635.4,615.45,493.55,603.5,620.95,466,518.2,761.05,545.8,551.5,559.6,814.9,501.25,591.25,684.1,664.1,689.2,686.05,632.35,707,752.65,634.8,653.7,756.35,697.05,527.95,617.2,631.9,622.8,662.2,709.35,651.05,573.25,763.6,648.85
Trim59,61.85,62.9,69.2,62.2,60.55,63.25,61.75,65.3,60.55,60.55,62.2,63.1,86.9,62.3,60.45,67.5,64.95,68.35,63.25,68.15,63.8,65.7,66.15,66.9,65.6,66.1,63.55,64.65,68.65,67.55,63.85,65.35,63.6,65.1,64.15,68.5,62.45,65,63.85,66.1,66.05,65.75,66.8,69.1,67.95,67.15,69.7,69.8
Trip4,3646.925,3803.525,3772.55,3984.625,3670.925,3273.025,3449.775,3134.125,3778.975,3400.4,4598.175,4272.85,4566.45,3909.4,4118,3929.15,4226.625,4074.7,4111.55,3589.375,3681.85,3827.825,3355.9,3298.425,3456.625,3519.625,3849,3457.975,3767.25,3317.525,3262.65,3031.9,3889.775,3935.5,4320.525,4646.5,4870.925,4439.475,4453.8,4090.95,4014.425,4124.65,3321.825,3932.7,3201.1,3394.1,3545.8,3501.425
Trmt2a,583.3333333,496.05,492.85,461.9666667,621.0333333,609.5666667,587.4666667,613.5,545.95,493.1,515.6666667,533.8833333,468.2333333,500.9333333,489.6,520.0666667,555.3833333,561.5166667,489.85,604.95,687.15,631.5666667,602.25,510.3666667,616.2833333,630.3833333,596.6333333,533.65,506.35,523,513.9,586.2666667,744.3333333,591.65,535.3666667,574.25,476.2833333,521.4333333,525.5333333,495.2,574,556.7166667,503.65,514.4333333,628.0333333,563,593.0333333,624.05
Trpv1,55.1,56.2,55.4,55.6,54.3,55.8,55.1,57.1,54.3,54.4,55.2,55.7,56.6,56.5,54.9,57.4,56.8,55.5,56.4,56.2,56.5,57.1,57.3,58.2,56.9,57,56.3,56.8,57.7,58.1,56.3,57.2,56.1,56.9,56.2,55.7,54.9,57,56.1,57.7,57.3,57.3,57.9,59,59.3,58.1,59.1,61.5
Ttbk1,71.2,71.6,70.6,70.9,72,72,71.1,75.8,70.4,70.7,70.9,70.9,72.8,71.4,70,72.5,71.7,71.5,71.7,68.3,70.8,72,72.5,80.3,71.4,72.1,72.1,72.4,72.8,74.2,71.9,72.6,72.1,72.4,71.2,71.4,71.2,74.1,71.6,72.4,72.3,71.6,72.4,75.7,73.3,119.5,78,76.3
Ttk,63.45,63.9,63.4,66,61.55,63.75,62.1,65.65,61.3,62.25,63.3,64.6,65.05,64.05,63.1,66.05,65.3,63.8,64,63.8,64.5,72.2,66.1,67.05,65.4,68.6,72.3,65.3,66.6,66.9,64.7,66,64.25,65.45,64.65,66.4,63.55,65.55,64.3,66.25,65.9,65.85,66.65,79.45,73.9,67.55,76.85,69.95
Ttll5,83.6,81.16666667,80.16666667,81.2,80.93333333,81.9,83.43333333,82.5,79.73333333,82.23333333,80,78.46666667,81.73333333,87.46666667,90,75.86666667,88.4,92.8,83.53333333,82.46666667,81.9,81,82.86666667,85.66666667,79.23333333,82.06666667,87.76666667,82.53333333,83.43333333,83.03333333,89.23333333,82.9,82.43333333,81.9,83.53333333,80.5,106.5,82.6,86.4,82.83333333,83.7,77.5,83.76666667,86.83333333,83.86666667,99.86666667,84.53333333,85.13333333
Tyw3,134.9,69.9,122.7,197.6,125.3,154.7,132.5,132.9,124.7,118.6,107.4,161.3,136.1,128.4,127.3,100.5,276.3,126.7,146.8,303.6,130.4,225,145.7,93.4,132,134.6,130.8,146.3,124.9,141,197,103.7,130.3,134.8,130.7,172.6,113.5,139.8,135.3,97.1,192.6,102.9,134.4,135.6,132.3,144.7,222.1,278.9
Ubd,72.3,72.6,72.4,73,69.3,73,67.1,74.2,67.4,68.7,72.5,72.6,73.5,73.1,71.8,75.1,74,73.1,103.7,73.5,73.4,75.5,74.5,75.4,74.1,75.1,71.7,73.7,85.7,75.7,73.4,73.7,71.8,74.9,73.5,72.6,72.5,74.2,73.2,72.5,75.1,109.4,75.1,80.9,86.8,75.7,76.2,75.5
Ubxn11,56.1,56.06666667,56.46666667,56.23333333,54.4,56.56666667,55.3,57.86666667,54.86666667,54.46666667,55.56666667,56.1,56.66666667,55.03333333,55.5,56.33333333,56.86666667,55.93333333,55.7,56.66666667,56.6,60.36666667,58.2,58.16666667,63.3,57.16666667,56.8,57.2,58.03333333,58.03333333,66.16666667,57.33333333,54.83333333,56.93333333,57.8,56.3,55.36666667,56.8,56.46666667,57.16666667,57.43333333,57.13333333,58.13333333,62.13333333,58.06666667,63.53333333,61.86666667,60.56666667
Ulk2,3189.525,3203.5,2980.25,3014,3236.45,3089.175,3250.95,2679.25,3640.75,3292.075,2955.025,3024.975,3142.1,3096.075,3052.275,3008.75,3020.175,3158.35,3225.225,2903.325,3062.825,2828.35,2724.025,2846.925,3056.65,3137.4,3267.925,3291.275,2335.075,2935.7,2918.4,2801.175,3162.55,2980.675,3261.425,3487.125,3554,3000.65,3301.125,3292.725,3160.875,3200.675,3409.375,2886.525,2479.5,2708.175,3121.4,2539.8
Uqcrc1,39813.7,37267.6,38771.3,37467.5,38721.3,36879.7,31648.3,34332.5,33896.7,34618.6,25527.6,36344.5,39004.8,32207.8,32001.9,31410,38153.9,42967.2,43410.9,33681.2,36948.5,32247.2,38816.8,41955.2,35327.9,36812.3,29579,34232.9,23580.3,29509.7,29248.1,29913.2,29464.8,32934.7,32712.7,32160.4,31414.5,25481.6,30900.4,31401.1,30157.5,32043.1,28232.5,17974.9,23344.7,18843.8,20153.3,19429.5
Uso1,14135.2,13477.7,13469.5,11453.9,13013.7,11319,13229.8,12779.7,17521,14585.5,13033.1,13099.3,13641,11151.6,10948.4,11666.3,12098.7,13761.8,14634.6,11692.4,14071.7,14650.2,16597.6,15603.9,16312.8,14429.5,13760.4,13371.6,9148.3,10534.1,10801.9,12758.5,18390.9,15803.8,13588.1,12617.2,13603.1,13269.7,11498.2,11815.2,12683,12455.1,13048.2,9902.2,12406.7,12544.2,12786.3,12049.5
Usp26,50.5,51.1,50.9,51.4,49.5,51,50,52.6,49.3,49.8,51,51.1,51.7,51.2,50.8,52.4,52.3,50.7,50.8,51.5,51.5,52.1,52.2,52.9,51.9,52,51.5,51.9,52.9,53.4,51.4,52.1,51.6,51.9,52,51,50.8,52,51.2,53.1,52.6,52.1,52.7,54.2,53.8,53.6,54.3,55.1
Usp40,623.05,457.525,447.7,437.025,555.7,495.35,546.75,261.35,640.05,788.125,669.1,331.675,422.025,613.3,544.3,599.25,425.65,372.275,402.5,407.975,424.975,370.85,344.375,382.975,428.075,361.675,478.775,411.475,364.275,362.3,345.95,361.075,459.2,423.5,418.4,537.9,461.65,468.025,453.725,415.975,414.025,593.65,463.25,228.55,253.95,236.875,327.825,279.15
Vmn2r88,58.7,59.35,59.1,59.5,57.75,58.45,58.25,60.6,57.2,58.05,59.15,59.05,60.05,59.55,57.3,60.9,62.7,59.05,59.15,59.7,61.6,61,60.7,61.65,60.4,61.5,59.8,60.45,62.15,61.65,59.35,60.7,58.9,60.4,59.75,59.25,59.15,60.6,59.65,61.3,60.95,60.65,62.1,62,63.85,62.45,65.4,67.15
Wbp2nl,132.4,140,139.3,140.4,149.8,140.1,143.3,142.3,135.7,131.4,122.9,139,140.7,140.2,139,141.8,112.6,133,145.9,140.3,142.3,134.2,142.9,143.7,141.1,190.3,140.5,142.3,242.7,137.7,140.5,187.1,140.8,133.3,169.2,125,149.5,143.1,140.4,159.6,141.4,158.4,144.3,136.2,169.4,204.5,160.6,172.5
Wdr62,65.1,92.1,62.45,64.9,60.4,67.1,61.8,63.65,61,60.65,61.1,62,66.6,62.35,65.45,64.1,63.35,62.15,62.1,62.85,62.75,64.25,64.15,66.65,63.6,63.7,63,63.6,64.5,65.05,62.8,64,62.6,63.4,62.95,62.05,64.3,63.3,64.25,64.3,64.05,63.75,64.4,65.6,65.3,65.35,65.5,66.55
Wfdc15a,58.6,58.3,57.5,58.4,56.5,58,57.1,59.3,55.2,56.6,58.2,57.8,58.6,58.7,57.4,59.3,58.6,57.6,57.8,58.2,58.2,59.7,59.5,60.1,59,59.2,58.5,59.2,60.1,60.2,58.8,59.4,58.4,58.9,58.5,57.6,57.9,59.1,58.2,59.7,59.1,59.3,59.7,61.6,60.4,60.7,60.8,62.7
Wipi2,1741.1,1839.7,1866.866667,1803.5,2007.266667,1808.6,1634.366667,1535.5,2167.733333,2353.366667,1687.566667,1880.966667,2046.6,2434.633333,1971.466667,2170.733333,1908.266667,2063.4,2226.833333,1845.166667,1788.3,1634.266667,1723.866667,1711.266667,1634.433333,1816.166667,1649.166667,1689.733333,1324.666667,1478.666667,1455.866667,1577.1,1924.5,1848.033333,1906.133333,1979.6,2110.2,1636.933333,1607.133333,1822.8,1978.4,1825.9,1855.5,1429.866667,1331.833333,1220.166667,1270.7,984.5333333
Wrnip1,2587.6,2644.5,3095,3027,2796.95,2943.55,2843.55,2563,2831.25,3780.6,2653.3,2571.55,2111.5,2010.5,1969.75,1629.75,1516.15,1332.55,1243.05,1432.5,1656.6,1746.8,1855.85,2000.55,2319.6,2485.95,2545.65,3149.65,3056.55,2943.4,2900.1,3118.9,2438.25,2544.5,2875.8,2270.35,2162.15,2834.7,1783.25,1497.15,1614.4,1840.1,1455.4,830.7,987.35,1144.4,1147,1598.65
Zfp358,67.9,68,67.9,68.7,67.15,68.55,67.9,69.15,67.1,66.5,60.9,68.2,68.8,73.95,75.05,69.5,66.5,86.45,67.9,69.5,68.4,73.9,68.8,70.95,67.35,72.45,69.1,69.15,69.8,69.75,68.4,69.25,68.65,68.85,68.55,63.9,68.05,68.65,73.1,69.4,69.2,67.15,66.3,70.1,70.15,70,70.05,71.15
Zfp39,388.85,354,353.2,492.9,343.35,311.35,414.75,472.75,410.1,409.75,500.65,469.7,439.3,395.75,361.2,418.85,493.55,425.6,408.3,342.15,337.1,374.95,368.35,384.8,390.5,482.75,425.85,398.65,435.35,320,355.65,408.45,461.6,394.75,397.2,447.15,380.8,411.3,405.8,335.45,371.55,380.75,327.95,365.4,334.7,392.45,410.6,412.4
Zfp408,85.3,86.2,83.8,90.9,117.5,86.7,84.2,88,106.3,110.3,85.6,83.9,87.3,113.5,84.6,88.5,85.6,87.1,83.8,86.6,86.8,112.3,88,89,87.4,87.5,86.6,87.5,88,88.1,86.8,82.1,84.4,87.5,84.7,86.5,86,87.7,86.4,125,87.8,88,87.4,88.8,88.3,86.6,89.1,91.1
Zfp608,177.15,177.95,203.7,171.6,176.35,184.9,166.35,202.9,167.95,179.15,208.95,221.45,184.9,179,182.7,221.25,188.25,180.55,178.85,171.8,183.1,214,193.9,190.15,181.35,206.7,237.9,185.35,203.15,225.45,192.3,213,185.05,185.45,190.6,170.3,184.8,195.4,182.95,180.95,185.8,192.05,189.3,192.65,229.65,194.45,282.2,213.55
Zfp689,82.36666667,82.73333333,81.9,83.36666667,90.5,82.96666667,75.43333333,83.86666667,81.6,81.23333333,82.36666667,82.3,83.63333333,83.03333333,82.3,84.26666667,83.26666667,82.73333333,82.3,82.16666667,83.03333333,83.76666667,84.3,103.5,83.73333333,84,83.33333333,83.6,84.5,85.13333333,83,84.1,83.33333333,83.9,83.13333333,82.53333333,78.56666667,83.66666667,83.06666667,84.46666667,84,83.06666667,84.4,85.96666667,85.36666667,86.33333333,85.53333333,92.43333333
Zfp708,517.4,543.6,451.1,473.7,454,514.7,380.5,574.9,388.1,510.9,497.9,515,526.9,472.5,511.2,489.4,527,515.8,400.6,487.5,524,815.3,531.9,533.8,557.9,528.9,520.8,549.7,578.8,536.1,554.4,530.1,718.5,509.6,332.7,396,437.3,577.3,480.1,464.2,613.7,529.6,532.5,701.4,1132.1,880.5,919.5,785.7
Zfp709,134.7,194.45,122.65,169.3,131.95,149.95,141,255.25,141.95,193.8,158.9,205.6,154.7,140.4,171,151.4,189.4,126.1,162.6,156.45,162.35,165.45,179.25,145,183.5,158.3,113.15,129.6,170.3,139.2,163.9,154.8,224.25,213.1,157.55,195.6,149.05,196.45,159.5,93.9,160.15,125.7,179.9,251.15,226.7,148.95,187.15,161.75
Zfp773,51.6,52.4,52,52.4,51,52.9,52.1,80.9,50.2,51.1,52,52.1,52.9,52.6,52.2,53.7,52.9,52.5,52.8,52.8,52.7,53.4,53.6,54,53.2,54.1,53,53.2,55.4,54.4,52.6,53.4,52.8,53.2,52.7,52.2,51.9,53.4,52.3,53.7,53.6,53.4,53.8,54.6,54.6,54.4,54.7,55.7
Zic4,54.95,55.3,55.1,54.75,54.35,54.3,54.45,56.25,53.55,53.3,55.05,55.2,55.85,55.6,54.55,56.6,56,55.15,55.4,55.25,55.65,56.2,56.5,56.95,56.05,56.25,55.55,56.25,57.4,57.2,55.6,56.4,54.95,56.25,55.55,55.25,55.05,56.1,59.45,56.65,56.4,56.3,58.05,68.3,58.05,58.35,58.8,59.5
Zkscan5,581.55,616.1,644.4,618.9,766.6,869.6,583.85,447.6,619.95,854.35,726.6,603.6,719.55,680.7,683.65,608.65,587.5,674.85,642.25,547.2,680.25,658.65,687,625.5,845.3,930.4,817.8,671.9,663.85,549.7,566.7,486.1,718.15,808.3,680.65,747.5,753.95,567.65,687.05,664.95,604.8,732.75,649.9,615.55,673.25,670.65,615.5,651.1
