gene,eigenvalue,phi1,phi2,r2,root_type,half_life,eigenperiod
1700003I16Rik,0.574037,0.256831,0.182088,0.09976,Real,1.2488,NA
1700129C05Rik,0.494298,0.206157,0.142428,0.074209,Real,0.9837,NA
1810015A16Rik,0.473057,0.220191,0.11962,0.070799,Real,0.926,NA
2210019I11Rik,0.711894,0.300378,0.292956,0.223,Real,2.0397,NA
2310069B03Rik,0.619163,0.608741,0.006453,0.327598,Real,1.4459,NA
2610035F20Rik,0.768633,0.483319,0.219301,0.299958,Real,2.6341,NA
2610301B20Rik,0.29046,0.21551,0.02177,0.049071,Real,0.5607,NA
2700078F05Rik,0.401108,0.534697,-0.160888,0.240963,Complex,0.7588,7.4688
2810001G20Rik,0.381053,0.114269,0.101659,0.025529,Real,0.7184,NA
2810408B13Rik,0.784314,0.261758,0.409848,0.311352,Real,2.8531,NA
4833410I11Rik,0.725156,0.285613,0.318737,0.228968,Real,2.1569,NA
4833411I10Rik,0.834475,0.331735,0.419524,0.3486,Real,3.8306,NA
4833420G17Rik,0.478375,0.818624,-0.228843,0.467942,Complex,0.94,11.5493
4930405H06Rik,0.815161,0.308237,0.413224,0.352186,Real,3.3916,NA
4930434J08Rik,0.74781,0.371229,0.281611,0.279025,Real,2.3852,NA
4930563D23Rik,0.536777,0.093386,0.238002,0.067523,Real,1.1141,NA
4930566F21Rik,0.347752,0.245655,0.035505,0.064788,Real,0.6562,NA
4930570E03Rik,0.873636,0.37074,0.439348,0.421277,Real,5.1309,NA
4933403O08Rik,0.859794,0.449559,0.352717,0.357405,Real,4.5885,NA
4933406C10Rik,0.245885,0.124245,0.029909,0.013248,Real,0.4941,NA
4933407C09Rik,0.291074,0.489062,-0.084724,0.208402,Complex,0.5616,10.9591
4933417C20Rik,0.701916,0.201471,0.351271,0.184462,Real,1.9584,NA
4933433N18Rik,0.664781,0.45281,0.140914,0.247713,Real,1.6977,NA
5830408C22Rik,0.882131,0.332481,0.484863,0.420267,Real,5.5268,NA
9130009M17Rik,0.172744,-0.067734,-0.029841,0.004865,Complex,0.3947,3.5536
9330133O14Rik,0.771573,0.309091,0.356839,0.265083,Real,2.6729,NA
9430038I01Rik,0.42844,0.243322,0.079312,0.081043,Real,0.8178,NA
A230009B12Rik,0.874814,0.372163,0.439726,0.414241,Real,5.1826,NA
Abcb4,0.823295,0.669483,0.126632,0.565289,Real,3.5648,NA
Abcc8,0.531089,0.060501,0.249925,0.068499,Real,1.0953,NA
Abhd4,0.892372,0.525946,0.326988,0.534115,Real,6.087,NA
Acap1,0.229371,0.129038,0.023014,0.016936,Real,0.4708,NA
Ackr1,0.229773,-0.075163,0.035525,0.006771,Real,0.4713,NA
Actg1,0.421955,0.730236,-0.178046,0.403014,Complex,0.8033,11.9669
Actr6,0.853086,0.76159,0.078054,0.625295,Real,4.3623,NA
Acy3,0.763827,0.833137,-0.052941,0.587556,Real,2.5728,NA
Adgra1,0.775938,0.391823,0.29805,0.197691,Real,2.7323,NA
Adm,0.49395,-0.04222,0.223132,0.052194,Real,0.9827,NA
AI314180,0.767537,0.494072,0.209894,0.357336,Real,2.6199,NA
AI315376,0.182627,-0.00875,-0.033353,-0.000224,Complex,0.4077,3.9399
Aif1,0.437213,0.223114,-0.191156,0.073574,Complex,0.8378,4.7861
Ankef1,0.095881,-0.025944,0.006706,-0.082212,Real,0.2956,NA
Ap1s2,0.767266,0.278053,0.375356,0.217916,Real,2.6164,NA
Apbb2,0.688493,0.64989,0.026578,0.40933,Real,1.8571,NA
Appbp2os,0.204476,0.026483,0.036395,0.001217,Real,0.4367,NA
Armc3,0.382782,0.574454,-0.146522,0.263371,Complex,0.7218,8.7003
Armcx6,0.300889,0.251972,0.014718,0.062681,Real,0.5771,NA
Asprv1,0.829833,0.369991,0.381593,0.348555,Real,3.716,NA
Atp10a,0.662936,0.26685,0.26258,0.1621,Real,1.6862,NA
AU014678,0.596352,0.327579,0.160283,0.15141,Real,1.3409,NA
B3gnt5,0.852929,0.450837,0.342956,0.398303,Real,4.3573,NA
B9d2,0.553065,0.039046,0.284286,0.08161,Real,1.1703,NA
Bdh1,0.913263,0.625184,0.263092,0.650179,Real,7.6396,NA
Brd8,0.395886,0.650912,-0.156726,0.333351,Complex,0.748,10.3732
C130070B15Rik,0.714538,0.311067,0.288296,0.22142,Real,2.0622,NA
C130079G13Rik,0.46283,0.228265,0.108564,0.069248,Real,0.8997,NA
C330024D21Rik,1.107967,0.670619,0.484567,0.37626,Real,NA,NA
C77068,0.556177,0.211297,0.191814,0.089566,Real,1.1815,NA
C77626,0.380695,0.27418,-0.144929,0.076304,Complex,0.7177,5.2255
C79845,0.2275,0.08648,-0.051756,0.009094,Complex,0.4682,4.5545
Cacna1e,0.471288,0.281416,0.089484,0.097441,Real,0.9214,NA
Capg,0.321247,-0.133403,-0.103199,0.024901,Complex,0.6104,3.53
Cass4,0.288145,0.300695,-0.003616,0.088637,Real,0.5571,NA
Cbx8,0.484679,0.068251,0.201834,0.047481,Real,0.957,NA
Ccdc28a,0.374502,0.620288,-0.140251,0.310547,Complex,0.7057,10.5601
Ccr1,0.880868,0.628417,0.222377,0.580884,Real,5.4644,NA
Ccr1l1,0.788971,0.464367,0.256103,0.371545,Real,2.9244,NA
Cdc6,0.509419,0.147727,0.184253,0.054924,Real,1.0277,NA
Cecr6,0.828997,0.401157,0.354678,0.422616,Real,3.696,NA
Cep55,0.656188,0.215459,0.289201,0.150855,Real,1.6452,NA
Cfap43,0.517868,0.166492,0.181967,0.070357,Real,1.0534,NA
Cggbp1,0.441718,0.322108,0.052834,0.109351,Real,0.8483,NA
Chd1l,0.252002,0.181553,0.017753,0.034435,Real,0.5029,NA
Chrnb3,0.885635,0.363947,0.462025,0.463679,Real,5.7073,NA
Cit,0.279226,0.08286,0.054831,0.005665,Real,0.5433,NA
Clcf1,0.755343,0.36825,0.292389,0.295052,Real,2.4704,NA
Clcn3,0.290474,0.294096,-0.001052,0.082834,Real,0.5607,NA
Cldn15,0.589242,0.209021,0.224042,0.114401,Real,1.3105,NA
Cnrip1,0.27181,-0.021409,0.068061,0.004682,Real,0.5321,NA
Cntn5,0.367831,0.14263,0.082836,0.030066,Real,0.6931,NA
Copg2os2,0.589039,0.303766,0.168037,0.166831,Real,1.3096,NA
Csnk2b,0.853261,0.722739,0.111369,0.593891,Real,4.3679,NA
Cyp3a16,0.874782,0.502438,0.32572,0.427159,Real,5.1812,NA
D10Ertd43e,0.860554,0.353817,0.436075,0.388717,Real,4.6155,NA
D10Ertd494e,0.956775,0.606945,0.334708,0.547622,Real,15.6866,NA
D11Ertd518e,0.820655,0.375929,0.364967,0.348356,Real,3.5069,NA
D4Ertd117e,0.743284,0.331592,0.306004,0.272046,Real,2.3364,NA
D5Ertd163e,0.386049,0.140825,0.094668,0.032719,Real,0.7283,NA
Dars2,0.366839,0.023849,0.125822,0.016531,Real,0.6912,NA
Dcn,0.392963,0.6038,-0.15442,0.293583,Complex,0.7421,9.0449
Dcun1d3,0.685217,0.368141,0.217267,0.256933,Real,1.8336,NA
Ddx18,0.616105,0.475635,0.086544,0.269963,Real,1.4311,NA
Ddx42,0.623234,0.511987,0.069332,0.299371,Real,1.4659,NA
Dgkq,0.240581,0.058743,0.043747,0.001505,Real,0.4865,NA
Dnase1l3,0.679532,0.351172,0.223132,0.204951,Real,1.7941,NA
Dpcd,0.354583,0.053714,-0.125729,0.017488,Complex,0.6685,4.2029
Dpy19l1,0.603508,0.498268,0.063513,0.305208,Real,1.3726,NA
E130304I02Rik,0.669592,0.429211,0.160957,0.263912,Real,1.7282,NA
E430024I08Rik,0.599654,0.135114,0.278563,0.09269,Real,1.3554,NA
Ecscr,0.40684,-0.060881,0.14075,0.023408,Real,0.7707,NA
Edrf1,0.349942,0.267847,-0.122459,0.072041,Complex,0.6601,5.3334
Efcab10,0.901365,0.459696,0.398105,0.40328,Real,6.6748,NA
Eif3d,0.796024,0.636649,0.126866,0.48447,Real,3.0384,NA
Elmsan1,0.597098,0.571036,0.015561,0.305905,Real,1.3442,NA
Emsy,0.488028,0.017959,-0.238171,0.056956,Complex,0.9662,4.0474
Emx2os,0.829195,0.231831,0.495331,0.327368,Real,3.7007,NA
Epgn,0.351083,-0.105433,-0.12326,0.023685,Complex,0.6622,3.6498
Epor,0.375149,0.481433,-0.039872,0.191405,Real,0.707,NA
F2,0.828377,0.533564,0.244217,0.456379,Real,3.6813,NA
Fam117b,0.544087,0.486268,0.031459,0.2332,Real,1.1388,NA
Fam184b,0.276783,0.24293,-0.076609,0.049015,Complex,0.5396,5.6277
Fam210a,0.883698,0.510986,0.329365,0.613424,Real,5.6062,NA
Fam89a,0.809837,0.527651,0.228525,0.518365,Real,3.2863,NA
Fastk,0.648769,0.454577,0.125986,0.283771,Real,1.602,NA
Fbrsl1,0.187421,0.006666,-0.035127,0.00069,Complex,0.414,4.0458
Fbxo43,0.873176,0.477661,0.345355,0.450475,Real,5.111,NA
Fer,0.303393,0.212434,0.027597,0.044635,Real,0.5811,NA
Fgf3,0.608935,0.218836,0.237545,0.109912,Real,1.3974,NA
Flrt3,0.417976,0.07436,0.143623,0.02697,Real,0.7946,NA
Fndc7,0.78766,0.579978,0.163583,0.397102,Real,2.904,NA
Folr2,0.325438,0.271262,0.017631,0.07759,Real,0.6175,NA
Fosl1,0.918263,0.361368,0.511375,0.448331,Real,8.1287,NA
Fscn2,0.907395,0.424456,0.438215,0.463826,Real,7.1328,NA
Fthl17a,0.811058,0.111545,0.567346,0.105872,Real,3.3099,NA
G730007D18Rik,0.33243,0.455761,-0.110509,0.178748,Complex,0.6294,7.7047
Gadd45a,0.528971,0.328113,0.106248,0.144194,Real,1.0884,NA
Glra2,0.882702,0.461193,0.372067,0.471807,Real,5.5555,NA
Glud1,0.857651,0.460875,0.340295,0.425253,Real,4.5139,NA
Gm10309,0.745928,0.661301,0.063125,0.213313,Real,2.3647,NA
Gm12159,0.852113,0.343653,0.433265,0.384997,Real,4.3312,NA
Gm17739,0.464934,0.352983,0.05205,0.1345,Real,0.9051,NA
Gm20213,0.618138,0.320803,0.183795,0.107918,Real,1.4409,NA
Gm32633,0.281331,0.095587,-0.079147,0.013538,Complex,0.5465,4.4877
Gm3916,0.876202,0.346451,0.464169,0.442475,Real,5.2448,NA
Gm6225,0.834168,0.515821,0.265554,0.402291,Real,3.8228,NA
Gm9817,0.656193,0.283004,0.244884,0.170778,Real,1.6453,NA
Gnaq,0.742612,0.5183,0.166577,0.372211,Real,2.3293,NA
Golga3,0.704283,0.471542,0.163915,0.322811,Real,1.9772,NA
Gp2,0.17241,-0.03006,-0.029725,0.001685,Complex,0.3943,3.7894
Gps1,0.577825,0.229987,0.200989,0.114651,Real,1.2637,NA
Gsto2,0.88214,0.503384,0.334116,0.500037,Real,5.5273,NA
Gstt3,0.483036,0.225015,0.124634,0.078168,Real,0.9526,NA
Guca1a,0.267393,0.163602,-0.071499,0.027471,Complex,0.5255,4.9871
Heatr3,0.397585,0.374998,0.00898,0.143265,Real,0.7515,NA
Hook3,0.615855,0.465588,0.092543,0.277392,Real,1.4299,NA
Hspb6,0.756078,0.34058,0.314149,0.249714,Real,2.479,NA
Ifitm1,0.749536,0.466579,0.212086,0.430497,Real,2.4042,NA
Ifna11,0.87557,0.383453,0.430884,0.404934,Real,5.2164,NA
Igkv5-39,0.448117,0.418884,-0.200809,0.155165,Complex,0.8635,5.7938
Igsf10,0.880221,0.437073,0.390068,0.469824,Real,5.4329,NA
Il2rg,0.35048,0.428314,-0.122836,0.160759,Complex,0.6611,6.8787
Il4ra,0.35615,0.323425,0.011655,0.107419,Real,0.6714,NA
Inpp5j,0.788725,0.407515,0.30067,0.261988,Real,2.9205,NA
Itgb8,0.637023,0.394529,0.154475,0.212279,Real,1.5371,NA
Itih4,0.723938,0.583364,0.101766,0.378938,Real,2.1456,NA
Katnb1,0.105139,-0.164289,-0.006219,0.022218,Real,0.3077,NA
Kcnn2,0.796409,0.553551,0.193415,0.44547,Real,3.0449,NA
Kcnq2,0.775918,0.409256,0.284499,0.348026,Real,2.7321,NA
Kcnv1,0.906961,0.646192,0.236508,0.470481,Real,7.0979,NA
Kctd9,0.484066,0.265447,0.105826,0.096749,Real,0.9554,NA
Kdelr1,0.357669,0.626909,-0.127927,0.323135,Complex,0.6742,12.5039
Lama3,0.53788,0.08117,0.245655,0.071302,Real,1.1178,NA
Leap2,0.655792,0.848429,-0.12633,0.551891,Real,1.6429,NA
Lin7b,0.581653,0.105795,0.276784,0.0864,Real,1.2791,NA
Lipn,0.92179,0.366556,0.51181,0.476276,Real,8.5114,NA
Lncenc1,0.491157,0.267348,0.109925,0.096323,Real,0.9749,NA
LOC102634683,0.171316,0.118643,-0.029349,0.013228,Complex,0.3929,5.162
LOC552911,0.887716,0.324656,0.499838,0.448037,Real,5.8197,NA
Lrp2,0.429322,0.200262,0.09834,0.048941,Real,0.8198,NA
Lrrc4b,0.191913,-0.097983,-0.036831,0.007824,Complex,0.4199,3.4354
Map6d1,0.880427,0.418736,0.406485,0.386405,Real,5.4429,NA
Mapk8ip2,0.765109,0.422703,0.261978,0.257584,Real,2.5889,NA
Marc2,0.54416,0.449876,0.051305,0.229426,Real,1.1391,NA
March11,0.405277,-0.154262,-0.164249,0.040775,Complex,0.7674,3.5654
Mb21d1,0.389398,0.226539,0.063417,0.060384,Real,0.7349,NA
Mertk,0.270179,0.365969,-0.072997,0.117935,Complex,0.5297,7.5999
Met,0.598045,0.905045,-0.1836,0.592655,Real,1.3483,NA
Mob3a,0.274189,-0.061995,-0.075179,0.008713,Complex,0.5357,3.7309
Mpnd,0.57578,0.172169,0.232391,0.099595,Real,1.2556,NA
Mrpl9,0.609587,0.407145,0.123406,0.219546,Real,1.4004,NA
Ms4a7,0.5456,0.153135,0.214129,0.081253,Real,1.1441,NA
Mug1,0.401247,0.443146,-0.160999,0.169379,Complex,0.759,6.3738
Mybpc3,0.543118,0.104781,0.238068,0.07299,Real,1.1355,NA
Myc,0.435605,0.226574,0.091055,0.069296,Real,0.8341,NA
Myl10,1.00171,1.025581,-0.023912,0.042613,Real,NA,NA
Naaladl1,0.128413,0.146519,-0.01649,0.018622,Complex,0.3377,6.52
Neil3,0.467957,0.428876,0.018288,0.189449,Real,0.9128,NA
Nkpd1,0.872509,0.403987,0.40879,0.443134,Real,5.0824,NA
Nod1,0.752098,0.416911,0.252094,0.317904,Real,2.4331,NA
Nphp1,0.644589,0.260026,0.247885,0.18198,Real,1.5784,NA
Npvf,0.487936,0.217098,0.132151,0.072597,Real,0.966,NA
Nup155,0.517,-0.08005,0.225903,0.061164,Real,1.0507,NA
Olfm1,0.230297,0.070046,0.036905,0.006288,Real,0.472,NA
Olfm4,0.619845,0.487369,0.082115,0.252794,Real,1.4492,NA
Onecut3,0.199347,0.09878,-0.039739,0.010019,Complex,0.4298,4.7584
Oxnad1,0.77175,0.783699,-0.009221,0.571278,Real,2.6753,NA
Pabpc5,0.805674,0.539944,0.214092,0.413634,Real,3.2079,NA
Palb2,0.200796,-0.058893,-0.040319,0.004603,Complex,0.4317,3.6573
Per3,0.717663,0.415541,0.216822,0.316649,Real,2.0893,NA
Phip,0.336207,0.544449,-0.070012,0.266783,Real,0.6359,NA
Phlpp1,0.811549,0.919807,-0.087857,0.666188,Real,3.3195,NA
Pigx,0.371952,0.432068,-0.02236,0.178863,Real,0.7009,NA
Pir,0.723237,0.391284,0.240081,0.297006,Real,2.1392,NA
Plekhs1,0.449398,0.222134,0.102132,0.070849,Real,0.8666,NA
Plvap,0.851673,0.491076,0.307111,0.428249,Real,4.3173,NA
Plxnb3,0.549474,0.2082,0.187521,0.084706,Real,1.1576,NA
Pmf1,0.393914,0.148786,-0.155168,0.023188,Complex,0.744,4.5504
Prpf8,0.743824,0.73014,0.010178,0.49578,Real,2.3421,NA
Psmc5,0.48498,0.531859,-0.022735,0.274359,Real,0.9579,NA
Psmg3,0.565598,0.180539,0.217788,0.098799,Real,1.2163,NA
Pspc1,0.570911,0.337674,0.133157,0.162052,Real,1.2366,NA
Ptgs2,0.767918,0.387494,0.292134,0.294787,Real,2.6248,NA
Ptprn,0.640241,0.236072,0.258766,0.146457,Real,1.5545,NA
Pxdn,0.884624,0.634026,0.221685,0.634319,Real,5.6541,NA
Pxmp4,0.882906,0.738279,0.127692,0.717198,Real,5.5658,NA
Rab1b,0.58317,0.415564,0.097743,0.214738,Real,1.2853,NA
Rab40b,0.906271,0.454546,0.409386,0.422233,Real,7.043,NA
Rbx1,0.492053,0.009257,0.237561,0.05649,Real,0.9774,NA
Ret,0.26284,0.125474,0.036105,0.017672,Real,0.5187,NA
Rida,0.700972,0.387975,0.219402,0.250424,Real,1.9509,NA
Rnf170,0.364711,0.534074,-0.133014,0.235954,Complex,0.6872,8.3858
Rttn,0.85919,0.352146,0.435647,0.375357,Real,4.5672,NA
Safb,0.732152,0.649877,0.060238,0.4673,Real,2.2233,NA
Scaper,0.749019,0.495675,0.18976,0.404222,Real,2.3985,NA
Scel,0.575447,0.194451,0.219244,0.091532,Real,1.2543,NA
Scgb1b27,0.829897,0.469828,0.29882,0.454731,Real,3.7175,NA
Sdccag8,0.148947,-0.057854,0.013568,0.002418,Real,0.364,NA
Sel1l2,0.686524,0.302517,0.26363,0.222198,Real,1.8429,NA
Sema7a,0.459005,-0.04121,0.19177,0.033364,Real,0.8901,NA
Sepsecs,0.475576,0.452613,0.010921,0.202392,Real,0.9326,NA
Serac1,0.482454,0.234395,0.119677,0.09276,Real,0.951,NA
Set,0.587844,0.220793,0.215768,0.122641,Real,1.3046,NA
Shmt2,0.884989,0.522986,0.320369,0.519291,Real,5.6732,NA
Slc10a3,0.566347,0.305068,0.147974,0.146927,Real,1.2192,NA
Slc12a3,0.632395,0.166517,0.294619,0.126767,Real,1.5126,NA
Slc25a42,0.364411,0.58201,-0.079295,0.290829,Real,0.6866,NA
Slc30a4,0.585055,0.47059,0.066968,0.249854,Real,1.2931,NA
Slc35g3,0.72671,0.020481,0.513223,0.215052,Real,2.1713,NA
Slc39a5,0.486915,0.194449,0.142406,0.062327,Real,0.9632,NA
Slc40a1,0.473825,0.62868,-0.073374,0.340376,Real,0.928,NA
Slc43a2,0.343717,0.137368,-0.118141,0.028388,Complex,0.6491,4.5876
Slc7a15,0.875098,0.37777,0.435211,0.424822,Real,5.1953,NA
Smc4,0.626767,0.386215,0.150769,0.217899,Real,1.4837,NA
Smtn,0.83971,0.357972,0.40452,0.388721,Real,3.9677,NA
Smyd3,0.752162,0.391389,0.27136,0.301552,Real,2.4338,NA
Snhg17,0.657646,-0.097472,0.368396,0.15646,Real,1.6539,NA
Sostdc1,0.486909,0.243011,0.118756,0.071257,Real,0.9631,NA
Stam2,0.180805,0.255852,-0.032691,0.059482,Complex,0.4053,8.0061
Stx8,0.58495,0.528064,0.033276,0.301158,Real,1.2926,NA
Stxbp5l,0.46814,0.289085,0.083823,0.089514,Real,0.9133,NA
Surf1,0.464209,0.300918,0.075801,0.115096,Real,0.9032,NA
Syne2,0.624341,0.445792,0.111475,0.23266,Real,1.4715,NA
Tatdn1,0.508124,0.524295,-0.008217,0.261913,Real,1.0238,NA
Tceb3,0.637481,0.420229,0.138494,0.248305,Real,1.5395,NA
Tcstv3,0.886334,0.351497,0.474044,0.448125,Real,5.7445,NA
Tcta,0.705944,0.687838,0.012782,0.492994,Real,1.9906,NA
Ten1,0.655979,0.286423,0.242421,0.21132,Real,1.644,NA
Tex30,0.318064,0.19987,-0.101164,0.043471,Complex,0.6051,5.0218
Tfip11,0.64875,0.570261,0.05092,0.307937,Real,1.6019,NA
Tmem101,0.523509,0.056958,0.244244,0.068218,Real,1.071,NA
Tmem205,0.583952,0.484973,0.057799,0.258933,Real,1.2885,NA
Tmem225,0.735065,0.450747,0.208992,0.320301,Real,2.252,NA
Tnfrsf4,0.422743,0.455826,-0.178712,0.176452,Complex,0.8051,6.2744
Tnfsf10,0.372098,0.000858,-0.138457,0.019152,Complex,0.7011,4.0029
Toe1,0.575421,0.207942,0.211455,0.122809,Real,1.2542,NA
Topors,0.629031,0.677485,-0.030479,0.421028,Real,1.4952,NA
Tppp,0.762376,0.564684,0.150715,0.439625,Real,2.5548,NA
Tra2b,0.626332,0.785971,-0.099987,0.513528,Real,1.4815,NA
Trim21,0.39694,0.105835,-0.157561,0.033008,Complex,0.7502,4.3722
Trim59,0.329971,-0.050704,-0.108881,0.012435,Complex,0.6252,3.8133
Trip4,0.814221,0.391941,0.343829,0.424103,Real,3.3726,NA
Trmt2a,0.404072,0.456738,-0.163274,0.178676,Complex,0.7649,6.4765
Trpv1,0.927982,0.502759,0.394599,0.461151,Real,9.2738,NA
Ttbk1,0.409362,0.11121,0.122053,0.030247,Real,0.7761,NA
Ttk,0.724254,0.34671,0.273437,0.249893,Real,2.1485,NA
Ttll5,0.199529,-0.039122,0.032006,0.002492,Real,0.43,NA
Tyw3,0.247694,-0.041416,0.051094,0.002549,Real,0.4967,NA
Ubd,0.314831,0.052575,0.082566,0.009887,Real,0.5998,NA
Ubxn11,0.6092,0.322265,0.174801,0.165056,Real,1.3986,NA
Ulk2,0.284774,0.176003,0.030975,0.030913,Real,0.5518,NA
Uqcrc1,0.852324,0.526637,0.277591,0.484951,Real,4.3379,NA
Uso1,0.319566,0.486153,-0.053235,0.213651,Real,0.6076,NA
Usp26,0.864787,0.450204,0.358526,0.410659,Real,4.7714,NA
Usp40,0.362467,0.509124,-0.131382,0.209525,Complex,0.683,7.9316
Vmn2r88,0.914766,0.589332,0.297697,0.425911,Real,7.7806,NA
Wbp2nl,0.192644,0.038347,0.029724,0.001857,Real,0.4209,NA
Wdr62,0.316768,-0.02726,0.091707,-0.082423,Real,0.603,NA
Wfdc15a,0.889901,0.393681,0.441587,0.416169,Real,5.9424,NA
Wipi2,0.734858,0.639004,0.070439,0.390691,Real,2.2499,NA
Wrnip1,0.8724,0.769073,0.090142,0.706492,Real,5.0777,NA
Zfp358,0.277846,-0.001152,0.076878,0.005628,Real,0.5412,NA
Zfp39,0.426874,0.310448,-0.182222,0.10077,Complex,0.8143,5.2419
Zfp408,0.418232,0.003625,-0.174918,0.030479,Complex,0.7951,4.0111
Zfp608,0.49994,0.138999,0.180449,0.042816,Real,0.9998,NA
Zfp689,0.085807,0.104264,-0.001584,0.009425,Real,0.2823,NA
Zfp708,0.749743,0.518913,0.173063,0.366835,Real,2.4066,NA
Zfp709,0.374314,-0.005821,0.137932,0.019589,Real,0.7054,NA
Zfp773,0.266947,-0.123421,-0.071261,0.017967,Complex,0.5248,3.4828
Zic4,0.613417,0.360718,0.15501,0.188541,Real,1.4183,NA
Zkscan5,0.595746,0.420737,-0.354914,0.210191,Complex,1.3383,5.1932
